Geo_code,Geo_name,Indicator_wall_insulation,Indicator_wall_insulation_deciles,Indicator_roof_insulation,Indicator_roof_insulation_deciles,Indicator_floor_insulation,Indicator_floor_insulation_deciles,Indicator_property_type,Indicator_property_type_deciles,Indicator_property_age,Indicator_property_age_deciles,Indicator_age_population,Indicator_age_population_deciles,Indicator_health_conditions,Indicator_health_conditions_deciles,Indicator_fuel_poverty,Indicator_fuel_poverty_deciles,Country,Country_denominator,Geo_type,Combined,Combined_deciles,Insulation_supply,Insulation_supply_deciles
E14001063,Aldershot,216,4,338,7,152,3,142,3,84,2,167,4,159,3,24,1,England,543,Westminster Constituency,48,1,345,4
E14001064,Aldridge-Brownhills,262,5,309,6,499,10,341,7,180,4,419,8,421,8,393,8,England,543,Westminster Constituency,405,8,151,8
E14001065,Altrincham and Sale West,374,7,418,8,363,7,206,4,361,7,277,6,239,5,128,3,England,543,Westminster Constituency,203,4,130,8
E14001066,Amber Valley,339,7,254,5,465,9,508,10,383,8,388,8,467,9,453,9,England,543,Westminster Constituency,482,9,342,4
E14001067,Arundel and South Downs,288,6,259,5,359,7,389,8,268,5,528,10,279,6,212,4,England,543,Westminster Constituency,394,8,251,6
E14001068,Ashfield,206,4,281,6,472,9,487,9,334,7,321,6,387,8,444,9,England,543,Westminster Constituency,417,8,338,4
E14001069,Ashford,47,1,28,1,118,3,282,6,14,1,188,4,144,3,98,2,England,543,Westminster Constituency,23,1,519,1
E14001070,Ashton-under-Lyne,232,5,464,9,467,9,272,5,432,8,164,3,339,7,381,7,England,543,Westminster Constituency,346,7,187,7
E14001071,Aylesbury,23,1,92,2,142,3,248,5,17,1,141,3,168,4,46,1,England,543,Westminster Constituency,12,1,293,5
E14001072,Banbury,91,2,140,3,131,3,316,6,112,3,286,6,193,4,139,3,England,543,Westminster Constituency,71,2,444,2
E14001073,Barking,450,9,427,8,78,2,83,2,299,6,10,1,34,1,339,7,England,543,Westminster Constituency,125,3,138,8
E14001074,Barnsley North,114,3,322,6,331,7,474,9,278,6,267,5,478,9,464,9,England,543,Westminster Constituency,409,8,254,6
E14001075,Barnsley South,264,5,398,8,428,8,504,10,436,9,253,5,507,10,492,10,England,543,Westminster Constituency,510,10,297,5
E14001076,Barrow and Furness,444,9,527,10,539,10,439,9,509,10,423,8,488,9,434,8,England,543,Westminster Constituency,540,10,508,1
E14001077,Basildon and Billericay,118,3,450,9,375,7,238,5,34,1,175,4,201,4,39,1,England,543,Westminster Constituency,96,2,253,6
E14001078,Basingstoke,12,1,26,1,137,3,184,4,8,1,144,3,136,3,8,1,England,543,Westminster Constituency,4,1,468,2
E14001079,Bassetlaw,98,2,152,3,400,8,479,9,190,4,368,7,408,8,419,8,England,543,Westminster Constituency,351,7,388,3
E14001080,Bath,467,9,235,5,97,2,103,2,517,10,194,4,116,3,384,8,England,543,Westminster Constituency,252,5,461,2
E14001081,Battersea,478,9,360,7,12,1,13,1,465,9,21,1,2,1,20,1,England,543,Westminster Constituency,94,2,32,10
E14001082,Beaconsfield,321,6,303,6,305,6,201,4,198,4,379,7,174,4,27,1,England,543,Westminster Constituency,126,3,71,9
E14001083,Beckenham and Penge,500,10,417,8,49,1,43,1,451,9,151,3,63,2,111,3,England,543,Westminster Constituency,156,3,45,10
E14001084,Bedford,312,6,161,3,199,4,124,3,258,5,157,3,223,5,216,4,England,543,Westminster Constituency,86,2,395,3
E14001085,Bermondsey and Old Southwark,217,4,39,1,4,1,6,1,16,1,7,1,18,1,9,1,England,543,Westminster Constituency,2,1,18,10
E14001086,Bethnal Green and Stepney,388,8,221,5,3,1,4,1,158,3,4,1,13,1,136,3,England,543,Westminster Constituency,21,1,84,9
E14001087,Beverley and Holderness,153,3,194,4,493,10,498,10,113,3,508,10,436,9,391,8,England,543,Westminster Constituency,466,9,469,2
E14001088,Bexhill and Battle,343,7,242,5,268,5,186,4,355,7,539,10,509,10,306,6,England,543,Westminster Constituency,498,10,449,2
E14001089,Bexleyheath and Crayford,483,9,397,8,358,7,154,3,396,8,189,4,130,3,97,2,England,543,Westminster Constituency,192,4,70,9
E14001090,Bicester and Woodstock,36,1,58,2,195,4,451,9,35,1,256,5,178,4,29,1,England,543,Westminster Constituency,64,2,423,3
E14001091,Birkenhead,463,9,367,7,344,7,182,4,471,9,250,5,466,9,476,9,England,543,Westminster Constituency,452,9,175,7
E14001092,Birmingham Edgbaston,464,9,473,9,207,4,109,2,421,8,125,3,104,2,522,10,England,543,Westminster Constituency,396,8,174,7
E14001093,Birmingham Erdington,480,9,436,9,407,8,188,4,407,8,105,2,218,4,526,10,England,543,Westminster Constituency,442,9,152,8
E14001094,Birmingham Hall Green and Moseley,533,10,542,10,439,9,178,4,531,10,62,2,102,2,542,10,England,543,Westminster Constituency,532,10,186,7
E14001095,Birmingham Hodge Hill and Solihull North,449,9,476,9,492,10,262,5,372,7,70,2,182,4,535,10,England,543,Westminster Constituency,467,9,156,8
E14001096,Birmingham Ladywood,179,4,225,5,22,1,32,1,38,1,3,1,24,1,541,10,England,543,Westminster Constituency,216,4,219,6
E14001097,Birmingham Northfield,360,7,283,6,281,6,209,4,203,4,181,4,293,6,489,9,England,543,Westminster Constituency,266,5,188,7
E14001098,Birmingham Perry Barr,524,10,540,10,506,10,234,5,526,10,45,1,68,2,543,10,England,543,Westminster Constituency,534,10,190,7
E14001099,Birmingham Selly Oak,505,10,494,10,450,9,218,4,481,9,100,2,194,4,534,10,England,543,Westminster Constituency,502,10,168,7
E14001100,Birmingham Yardley,538,10,537,10,514,10,236,5,513,10,68,2,173,4,538,10,England,543,Westminster Constituency,533,10,144,8
E14001101,Bishop Auckland,344,7,378,7,527,10,531,10,468,9,456,9,541,10,316,6,England,543,Westminster Constituency,541,10,349,4
E14001102,Blackburn,319,6,534,10,510,10,366,7,464,9,89,2,301,6,479,9,England,543,Westminster Constituency,476,9,176,7
E14001103,Blackley and Middleton South,276,6,468,9,389,8,211,4,397,8,94,2,289,6,438,9,England,543,Westminster Constituency,308,6,180,7
E14001104,Blackpool North and Fleetwood,291,6,404,8,522,10,287,6,371,7,495,10,542,10,348,7,England,543,Westminster Constituency,529,10,359,4
E14001105,Blackpool South,419,8,531,10,361,7,137,3,529,10,261,5,530,10,521,10,England,543,Westminster Constituency,536,10,344,4
E14001106,Blaydon and Consett,230,5,274,6,477,9,533,10,388,8,377,7,494,10,161,3,England,543,Westminster Constituency,458,9,295,5
E14001107,Blyth and Ashington,40,1,197,4,385,8,360,7,339,7,352,7,536,10,193,4,England,543,Westminster Constituency,408,8,333,4
E14001108,Bognor Regis and Littlehampton,241,5,297,6,184,4,145,3,214,4,510,10,443,9,148,3,England,543,Westminster Constituency,320,6,427,3
E14001109,Bolsover,196,4,169,4,434,8,532,10,326,6,338,7,434,8,469,9,England,543,Westminster Constituency,455,9,289,5
E14001110,Bolton North East,204,4,445,9,480,9,254,5,390,8,239,5,288,6,405,8,England,543,Westminster Constituency,330,7,100,9
E14001111,Bolton South and Walkden,78,2,409,8,471,9,284,6,389,8,86,2,267,5,448,9,England,543,Westminster Constituency,298,6,135,8
E14001112,Bolton West,201,4,361,7,488,9,421,8,291,6,308,6,254,5,243,5,England,543,Westminster Constituency,280,6,3,10
E14001113,Bootle,431,8,410,8,379,7,196,4,477,9,210,4,483,9,435,8,England,543,Westminster Constituency,444,9,161,8
E14001114,Boston and Skegness,121,3,99,2,341,7,387,8,219,4,455,9,518,10,460,9,England,543,Westminster Constituency,453,9,503,1
E14001115,Bournemouth East,315,6,210,4,58,2,50,1,379,7,240,5,271,5,347,7,England,543,Westminster Constituency,141,3,425,3
E14001116,Bournemouth West,307,6,158,3,52,1,52,1,327,6,218,4,282,6,341,7,England,543,Westminster Constituency,120,3,430,3
E14001117,Bracknell,16,1,69,2,210,4,167,4,9,1,123,3,103,2,1,1,England,543,Westminster Constituency,5,1,263,6
E14001118,Bradford East,454,9,539,10,496,10,382,8,499,10,42,1,206,4,532,10,England,543,Westminster Constituency,524,10,246,6
E14001119,Bradford South,394,8,514,10,519,10,452,9,408,8,114,3,303,6,495,10,England,543,Westminster Constituency,484,9,173,7
E14001120,Bradford West,470,9,541,10,234,5,151,3,508,10,38,1,176,4,537,10,England,543,Westminster Constituency,508,10,211,7
E14001121,Braintree,146,3,82,2,312,6,342,7,75,2,341,7,220,5,150,3,England,543,Westminster Constituency,101,2,358,4
E14001122,Brent East,510,10,478,9,35,1,27,1,503,10,57,2,39,1,299,6,England,543,Westminster Constituency,259,5,97,9
E14001123,Brent West,403,8,345,7,31,1,31,1,227,5,66,2,16,1,235,5,England,543,Westminster Constituency,63,2,123,8
E14001124,Brentford and Isleworth,395,8,381,7,37,1,41,1,201,4,61,2,44,1,121,3,England,543,Westminster Constituency,54,1,90,9
E14001125,Brentwood and Ongar,362,7,342,7,241,5,173,4,169,4,342,7,172,4,62,2,England,543,Westminster Constituency,116,3,21,10
E14001126,Bridgwater,70,2,21,1,177,4,325,6,107,2,405,8,412,8,293,6,England,543,Westminster Constituency,190,4,419,3
E14001127,Bridlington and The Wolds,273,5,299,6,332,7,358,7,274,6,531,10,543,10,472,9,England,543,Westminster Constituency,531,10,488,2
E14001128,Brigg and Immingham,112,3,46,1,404,8,539,10,99,2,469,9,392,8,355,7,England,543,Westminster Constituency,430,8,405,3
E14001129,Brighton Kemptown and Peacehaven,399,8,306,6,90,2,75,2,404,8,238,5,224,5,275,6,England,543,Westminster Constituency,150,3,412,3
E14001130,Brighton Pavilion,520,10,443,9,46,1,44,1,538,10,54,1,59,2,359,7,England,543,Westminster Constituency,345,7,460,2
E14001131,Bristol Central,501,10,144,3,16,1,22,1,522,10,9,1,9,1,395,8,England,543,Westminster Constituency,213,4,437,2
E14001132,Bristol East,460,9,240,5,163,3,112,3,480,9,72,2,202,4,375,7,England,543,Westminster Constituency,212,4,466,2
E14001133,Bristol North East,407,8,190,4,203,4,172,4,320,6,137,3,208,4,323,6,England,543,Westminster Constituency,129,3,456,2
E14001134,Bristol North West,435,8,286,6,260,5,162,3,418,8,173,4,233,5,240,5,England,543,Westminster Constituency,178,4,394,3
E14001135,Bristol South,401,8,220,5,144,3,129,3,414,8,99,2,280,6,331,7,England,543,Westminster Constituency,158,3,446,2
E14001136,Broadland and Fakenham,58,2,17,1,445,9,541,10,88,2,502,10,403,8,204,4,England,543,Westminster Constituency,441,9,375,4
E14001137,Bromley and Biggin Hill,476,9,472,9,162,3,110,2,419,8,234,5,84,2,55,1,England,543,Westminster Constituency,186,4,52,10
E14001138,Bromsgrove,279,6,275,6,397,8,403,8,148,3,413,8,316,6,361,7,England,543,Westminster Constituency,309,6,124,8
E14001139,Broxbourne,336,7,319,6,189,4,136,3,66,2,220,5,162,3,42,1,England,543,Westminster Constituency,66,2,51,10
E14001140,Broxtowe,412,8,266,5,498,10,369,7,323,6,371,7,312,6,345,7,England,543,Westminster Constituency,376,7,324,5
E14001141,Buckingham and Bletchley,20,1,163,3,109,2,340,7,21,1,206,4,169,4,64,2,England,543,Westminster Constituency,42,1,306,5
E14001142,Burnley,485,9,504,10,542,10,484,9,523,10,226,5,500,10,496,10,England,543,Westminster Constituency,543,10,80,9
E14001143,Burton and Uttoxeter,229,5,150,3,242,5,376,7,212,4,231,5,231,5,498,10,England,543,Westminster Constituency,257,5,374,4
E14001144,Bury North,327,6,510,10,511,10,319,6,431,8,284,6,313,6,322,6,England,543,Westminster Constituency,426,8,47,10
E14001145,Bury South,324,6,503,10,449,9,232,5,400,8,163,3,207,4,304,6,England,543,Westminster Constituency,297,6,142,8
E14001146,Bury St Edmunds and Stowmarket,41,1,19,1,156,3,370,7,29,1,422,8,425,8,95,2,England,543,Westminster Constituency,157,3,445,2
E14001147,Calder Valley,462,9,536,10,446,9,324,6,482,9,366,7,373,7,459,9,England,543,Westminster Constituency,512,10,1,10
E14001148,Camborne and Redruth,261,5,76,2,214,4,424,8,311,6,418,8,497,10,428,8,England,543,Westminster Constituency,413,8,511,1
E14001149,Cambridge,297,6,133,3,42,1,74,2,226,5,49,1,36,1,104,2,England,543,Westminster Constituency,13,1,462,2
E14001150,Cannock Chase,154,3,147,3,348,7,399,8,79,2,287,6,358,7,458,9,England,543,Westminster Constituency,267,5,195,7
E14001151,Canterbury,286,6,320,6,265,5,207,4,224,5,309,6,166,4,277,6,England,543,Westminster Constituency,140,3,518,1
E14001152,Carlisle,226,5,217,4,355,7,409,8,354,7,372,7,524,10,332,7,England,543,Westminster Constituency,437,9,527,1
E14001153,Carshalton and Wallington,451,9,393,8,122,3,89,2,345,7,118,3,114,3,96,2,England,543,Westminster Constituency,104,2,46,10
E14001154,Castle Point,405,8,499,10,538,10,422,8,128,3,473,9,327,6,110,2,England,543,Westminster Constituency,463,9,270,6
E14001155,Central Devon,211,4,121,3,302,6,488,9,259,5,497,10,383,8,408,8,England,543,Westminster Constituency,418,8,453,2
E14001156,Central Suffolk and North Ipswich,69,2,104,2,374,7,489,9,126,3,437,9,278,6,182,4,England,543,Westminster Constituency,236,5,411,3
E14001157,Chatham and Aylesford,306,6,431,8,462,9,302,6,211,4,156,3,153,3,196,4,England,543,Westminster Constituency,182,4,328,4
E14001158,Cheadle,274,6,419,8,505,10,331,7,357,7,402,8,317,6,126,3,England,543,Westminster Constituency,344,7,217,6
E14001159,Chelmsford,173,4,100,2,136,3,115,3,47,1,190,4,101,2,13,1,England,543,Westminster Constituency,11,1,308,5
E14001160,Chelsea and Fulham,539,10,490,10,20,1,18,1,542,10,73,2,31,1,144,3,England,543,Westminster Constituency,372,7,57,9
E14001161,Cheltenham,382,8,233,5,108,2,105,2,399,8,270,5,247,5,236,5,England,543,Westminster Constituency,143,3,495,1
E14001162,Chesham and Amersham,340,7,369,7,353,7,222,5,240,5,359,7,125,3,77,2,England,543,Westminster Constituency,148,3,171,7
E14001163,Chester North and Neston,281,6,160,3,258,5,166,4,279,6,364,7,320,6,251,5,England,543,Westminster Constituency,166,4,146,8
E14001164,Chester South and Eddisbury,163,3,128,3,212,4,530,10,243,5,458,9,322,6,255,5,England,543,Westminster Constituency,334,7,198,7
E14001165,Chesterfield,200,4,181,4,483,9,338,7,263,5,386,8,490,10,432,8,England,543,Westminster Constituency,433,8,431,3
E14001166,Chichester,108,2,134,3,141,3,267,5,77,2,500,10,399,8,125,3,England,543,Westminster Constituency,230,5,275,5
E14001167,Chingford and Woodford Green,506,10,521,10,198,4,93,2,437,9,171,4,78,2,76,2,England,543,Westminster Constituency,255,5,50,10
E14001168,Chippenham,24,1,15,1,206,4,347,7,31,1,290,6,242,5,127,3,England,543,Westminster Constituency,70,2,523,1
E14001169,Chipping Barnet,468,9,430,8,76,2,78,2,325,6,215,4,85,2,84,2,England,543,Westminster Constituency,124,3,42,10
E14001170,Chorley,75,2,135,3,209,4,423,8,181,4,318,6,464,9,194,4,England,543,Westminster Constituency,217,4,11,10
E14001171,Christchurch,42,1,40,1,366,7,220,5,72,2,543,10,535,10,163,3,England,543,Westminster Constituency,494,10,401,3
E14001172,Cities of London and Westminster,516,10,198,4,2,1,2,1,515,10,82,2,20,1,69,2,England,543,Westminster Constituency,144,3,44,10
E14001173,City of Durham,74,2,216,4,463,9,453,9,284,6,279,6,365,7,192,4,England,543,Westminster Constituency,249,5,256,6
E14001174,Clacton,267,5,348,7,399,8,269,5,225,5,537,10,538,10,396,8,England,543,Westminster Constituency,527,10,478,2
E14001175,Clapham and Brixton Hill,529,10,477,9,26,1,14,1,527,10,13,1,5,1,81,2,England,543,Westminster Constituency,260,5,26,10
E14001176,Colchester,50,1,65,2,92,2,158,3,53,1,110,2,140,3,113,3,England,543,Westminster Constituency,9,1,483,2
E14001177,Colne Valley,437,9,304,6,372,7,427,8,467,9,333,7,356,7,414,8,England,543,Westminster Constituency,423,8,55,9
E14001178,Congleton,54,1,122,3,145,3,486,9,116,3,451,9,386,8,157,3,England,543,Westminster Constituency,239,5,372,4
E14001179,Corby and East Northamptonshire,106,2,16,1,121,3,482,9,49,1,202,4,361,7,337,7,England,543,Westminster Constituency,153,3,484,2
E14001180,Coventry East,410,8,454,9,333,7,230,5,381,7,96,2,129,3,533,10,England,543,Westminster Constituency,411,8,260,6
E14001181,Coventry North West,487,9,466,9,395,8,240,5,452,9,177,4,113,3,504,10,England,543,Westminster Constituency,431,8,159,8
E14001182,Coventry South,456,9,413,8,192,4,171,4,417,8,77,2,98,2,528,10,England,543,Westminster Constituency,377,7,199,7
E14001183,Cramlington and Killingworth,5,1,73,2,221,5,411,8,87,2,373,7,527,10,49,1,England,543,Westminster Constituency,294,6,317,5
E14001184,Crawley,48,1,136,3,227,5,139,3,13,1,92,2,121,3,17,1,England,543,Westminster Constituency,8,1,442,2
E14001185,Crewe and Nantwich,265,5,145,3,236,5,397,8,235,5,258,5,342,7,310,6,England,543,Westminster Constituency,188,4,533,1
E14001186,Croydon East,497,10,506,10,235,5,99,2,428,8,134,3,91,2,178,4,England,543,Westminster Constituency,244,5,105,9
E14001187,Croydon South,452,9,380,7,83,2,86,2,370,7,236,5,76,2,57,2,England,543,Westminster Constituency,111,3,106,9
E14001188,Croydon West,473,9,423,8,36,1,35,1,469,9,25,1,40,1,342,7,England,543,Westminster Constituency,184,4,111,8
E14001189,Dagenham and Rainham,490,10,482,9,239,5,148,3,340,7,74,2,80,2,229,5,England,543,Westminster Constituency,193,4,103,9
E14001190,Darlington,367,7,401,8,392,8,306,6,378,7,319,6,484,9,232,5,England,543,Westminster Constituency,387,8,341,4
E14001191,Dartford,238,5,179,4,54,1,143,3,140,3,84,2,82,2,109,2,England,543,Westminster Constituency,18,1,126,8
E14001192,Daventry,49,1,29,1,222,5,517,10,71,2,360,7,196,4,329,7,England,543,Westminster Constituency,196,4,255,6
E14001193,Derby North,363,7,258,5,352,7,244,5,322,6,192,4,265,5,433,8,England,543,Westminster Constituency,247,5,354,4
E14001194,Derby South,397,8,391,8,448,9,241,5,406,8,95,2,221,5,508,10,England,543,Westminster Constituency,389,8,379,3
E14001195,Derbyshire Dales,364,7,201,4,276,6,459,9,335,7,488,9,401,8,440,9,England,543,Westminster Constituency,448,9,209,7
E14001196,Dewsbury and Batley,280,6,463,9,490,10,303,6,430,8,91,2,292,6,512,10,England,543,Westminster Constituency,440,9,172,7
E14001197,Didcot and Wantage,21,1,36,1,59,2,354,7,23,1,212,4,165,3,22,1,England,543,Westminster Constituency,29,1,481,2
E14001198,Doncaster Central,284,6,368,7,416,8,350,7,376,7,241,5,335,7,480,9,England,543,Westminster Constituency,380,7,326,4
E14001199,Doncaster East and the Isle of Axholme,63,2,115,3,455,9,538,10,131,3,387,8,389,8,398,8,England,543,Westminster Constituency,414,8,389,3
E14001200,Doncaster North,348,7,402,8,533,10,523,10,459,9,307,6,446,9,497,10,England,543,Westminster Constituency,526,10,271,5
E14001201,Dorking and Horley,263,5,244,5,200,4,221,5,230,5,396,8,180,4,63,2,England,543,Westminster Constituency,112,3,229,6
E14001202,Dover and Deal,377,7,374,7,272,5,226,5,438,9,438,9,340,7,335,7,England,543,Westminster Constituency,357,7,528,1
E14001203,Droitwich and Evesham,72,2,54,1,183,4,420,8,82,2,441,9,334,7,421,8,England,543,Westminster Constituency,262,5,252,6
E14001204,Dudley,225,5,325,6,441,9,289,6,277,6,223,5,311,6,511,10,England,543,Westminster Constituency,364,7,181,7
E14001205,Dulwich and West Norwood,528,10,508,10,38,1,28,1,524,10,37,1,19,1,170,4,England,543,Westminster Constituency,304,6,31,10
E14001206,Dunstable and Leighton Buzzard,45,1,168,4,100,2,216,4,37,1,178,4,179,4,45,1,England,543,Westminster Constituency,25,1,334,4
E14001207,Ealing Central and Acton,484,9,432,8,28,1,24,1,473,9,52,1,32,1,172,4,England,543,Westminster Constituency,147,3,93,9
E14001208,Ealing North,491,10,498,10,84,2,59,2,330,7,79,2,64,2,205,4,England,543,Westminster Constituency,165,3,115,8
E14001209,Ealing Southall,512,10,522,10,53,1,51,1,507,10,67,2,57,2,266,5,England,543,Westminster Constituency,312,6,78,9
E14001210,Earley and Woodley,34,1,68,2,132,3,277,6,20,1,119,3,67,2,11,1,England,543,Westminster Constituency,6,1,320,5
E14001211,Easington,27,1,352,7,529,10,535,10,356,7,328,7,533,10,262,5,England,543,Westminster Constituency,520,10,247,6
E14001212,East Grinstead and Uckfield,158,3,196,4,179,4,261,5,137,3,410,8,238,5,108,2,England,543,Westminster Constituency,109,2,302,5
E14001213,East Ham,541,10,543,10,175,4,76,2,539,10,15,1,10,1,509,10,England,543,Westminster Constituency,518,10,129,8
E14001214,East Hampshire,84,2,80,2,197,4,330,7,103,2,466,9,263,5,70,2,England,543,Westminster Constituency,136,3,233,6
E14001215,East Surrey,357,7,298,6,190,4,176,4,253,5,313,6,184,4,92,2,England,543,Westminster Constituency,108,2,117,8
E14001216,East Thanet,446,9,424,8,173,4,107,2,479,9,385,8,349,7,447,9,England,543,Westminster Constituency,407,8,535,1
E14001217,East Wiltshire,81,2,18,1,187,4,465,9,138,3,275,6,284,6,220,5,England,543,Westminster Constituency,122,3,525,1
E14001218,East Worthing and Shoreham,396,8,440,9,394,8,157,3,401,8,391,8,382,8,174,4,England,543,Westminster Constituency,332,7,438,2
E14001219,Eastbourne,373,7,137,3,102,2,77,2,313,6,463,9,363,7,250,5,England,543,Westminster Constituency,240,5,459,2
E14001220,Eastleigh,14,1,51,1,165,3,237,5,33,1,315,6,205,4,15,1,England,543,Westminster Constituency,45,1,261,6
E14001221,Edmonton and Winchmore Hill,527,10,526,10,182,4,81,2,463,9,108,2,50,1,319,6,England,543,Westminster Constituency,347,7,72,9
E14001222,Ellesmere Port and Bromborough,223,5,165,3,357,7,364,7,261,5,266,5,435,8,267,5,England,543,Westminster Constituency,238,5,157,8
E14001223,Eltham and Chislehurst,471,9,484,9,150,3,97,2,453,9,152,3,110,2,135,3,England,543,Westminster Constituency,198,4,83,9
E14001224,Ely and East Cambridgeshire,53,1,1,1,229,5,499,10,28,1,331,7,275,6,146,3,England,543,Westminster Constituency,131,3,428,3
E14001225,Enfield North,493,10,487,9,98,2,66,2,365,7,69,2,83,2,226,5,England,543,Westminster Constituency,179,4,98,9
E14001226,Epping Forest,433,8,481,9,287,6,150,3,216,4,257,5,128,3,68,2,England,543,Westminster Constituency,160,3,10,10
E14001227,Epsom and Ewell,439,9,331,7,133,3,116,3,264,5,272,5,99,2,53,1,England,543,Westminster Constituency,99,2,68,9
E14001228,Erewash,386,8,276,6,500,10,426,8,346,7,299,6,404,8,409,8,England,543,Westminster Constituency,424,8,336,4
E14001229,Erith and Thamesmead,416,8,446,9,74,2,67,2,208,4,35,1,69,2,198,4,England,543,Westminster Constituency,88,2,150,8
E14001230,Esher and Walton,424,8,359,7,188,4,144,3,244,5,213,4,70,2,47,1,England,543,Westminster Constituency,92,2,74,9
E14001231,Exeter,346,7,287,6,237,5,126,3,375,7,136,3,163,3,340,7,England,543,Westminster Constituency,138,3,499,1
E14001232,Exmouth and Exeter East,67,2,41,1,50,1,294,6,159,3,439,9,384,8,210,4,England,543,Westminster Constituency,159,3,497,1
E14001233,Fareham and Waterlooville,61,2,222,5,311,6,239,5,102,2,465,9,444,9,66,2,England,543,Westminster Constituency,233,5,274,5
E14001234,Farnham and Bordon,169,4,187,4,259,5,252,5,139,3,349,7,199,4,79,2,England,543,Westminster Constituency,89,2,367,4
E14001235,Faversham and Mid Kent,132,3,265,5,267,5,416,8,132,3,332,7,185,4,141,3,England,543,Westminster Constituency,123,3,422,3
E14001236,Feltham and Heston,447,9,426,8,113,3,72,2,232,5,56,2,42,1,171,4,England,543,Westminster Constituency,91,2,139,8
E14001237,Filton and Bradley Stoke,52,1,6,1,107,2,258,5,5,1,101,2,132,3,34,1,England,543,Westminster Constituency,7,1,450,2
E14001238,Finchley and Golders Green,522,10,493,10,39,1,33,1,502,10,145,3,30,1,180,4,England,543,Westminster Constituency,270,5,77,9
E14001239,Folkestone and Hythe,414,8,462,9,168,4,128,3,457,9,476,9,352,7,365,7,England,543,Westminster Constituency,422,8,485,2
E14001240,Forest of Dean,296,6,129,3,362,7,513,10,290,6,474,9,418,8,416,8,England,543,Westminster Constituency,451,9,305,5
E14001241,Frome and East Somerset,299,6,126,3,335,7,428,8,294,6,384,8,451,9,291,6,England,543,Westminster Constituency,325,6,429,3
E14001242,Fylde,257,5,301,6,154,3,208,4,298,6,520,10,525,10,274,6,England,543,Westminster Constituency,457,9,273,5
E14001243,Gainsborough,128,3,62,2,303,6,536,10,153,3,472,9,491,10,429,8,England,543,Westminster Constituency,470,9,392,3
E14001244,Gateshead Central and Whickham,326,6,336,7,164,3,91,2,405,8,259,5,445,9,159,3,England,543,Westminster Constituency,221,5,296,5
E14001245,Gedling,376,7,271,5,461,9,329,7,249,5,344,7,270,5,317,6,England,543,Westminster Constituency,284,6,382,3
E14001246,Gillingham and Rainham,442,9,519,10,491,10,276,6,429,8,235,5,126,3,296,6,England,543,Westminster Constituency,392,8,383,3
E14001247,Glastonbury and Somerton,152,3,23,1,285,6,466,9,196,4,499,10,426,8,372,7,England,543,Westminster Constituency,399,8,487,2
E14001248,Gloucester,178,4,111,3,128,3,197,4,118,3,161,3,203,4,259,5,England,543,Westminster Constituency,56,2,505,1
E14001249,Godalming and Ash,285,6,272,5,295,6,291,6,250,5,380,7,122,3,101,2,England,543,Westminster Constituency,130,3,272,5
E14001250,Goole and Pocklington,133,3,172,4,292,6,518,10,122,3,421,8,305,6,360,7,England,543,Westminster Constituency,317,6,385,3
E14001251,Gorton and Denton,434,8,500,10,513,10,283,6,510,10,78,2,295,6,510,10,England,543,Westminster Constituency,499,10,227,6
E14001252,Gosport,194,4,211,4,329,7,185,4,168,4,434,8,432,8,123,3,England,543,Westminster Constituency,229,5,268,6
E14001253,Grantham and Bourne,73,2,67,2,277,6,481,9,100,2,427,8,428,8,356,7,England,543,Westminster Constituency,315,6,493,1
E14001254,Gravesham,385,8,457,9,294,6,205,4,344,7,200,4,77,2,264,5,England,543,Westminster Constituency,181,4,228,6
E14001255,Great Grimsby and Cleethorpes,481,9,337,7,532,10,301,6,500,10,265,5,396,8,527,10,England,543,Westminster Constituency,523,10,463,2
E14001256,Great Yarmouth,303,6,327,6,396,8,309,6,374,7,453,9,454,9,383,8,England,543,Westminster Constituency,429,8,418,3
E14001257,Greenwich and Woolwich,322,6,162,3,11,1,21,1,293,6,14,1,38,1,93,2,England,543,Westminster Constituency,15,1,64,9
E14001258,Guildford,345,7,249,5,250,5,161,3,245,5,170,4,71,2,105,2,England,543,Westminster Constituency,72,2,230,6
E14001259,Hackney North and Stoke Newington,526,10,471,9,24,1,17,1,518,10,20,1,35,1,305,6,England,543,Westminster Constituency,289,6,33,10
E14001260,Hackney South and Shoreditch,427,8,205,4,6,1,7,1,276,6,12,1,45,1,116,3,England,543,Westminster Constituency,44,1,14,10
E14001261,Halesowen,355,7,364,7,470,9,286,6,296,6,305,6,367,7,488,9,England,543,Westminster Constituency,412,8,169,7
E14001262,Halifax,466,9,538,10,401,8,256,5,483,9,199,4,345,7,491,10,England,543,Westminster Constituency,497,10,147,8
E14001263,Hamble Valley,3,1,11,1,157,3,348,7,4,1,295,6,209,4,3,1,England,543,Westminster Constituency,46,1,281,5
E14001264,Hammersmith and Chiswick,530,10,456,9,19,1,16,1,540,10,64,2,26,1,154,3,England,543,Westminster Constituency,314,6,34,10
E14001265,Hampstead and Highgate,542,10,465,9,14,1,12,1,541,10,90,2,43,1,133,3,England,543,Westminster Constituency,363,7,39,10
E14001266,"Harborough, Oadby and Wigston",156,3,132,3,274,6,433,8,114,3,376,7,274,6,256,5,England,543,Westminster Constituency,175,4,323,5
E14001267,Harlow,251,5,231,5,204,4,165,3,68,2,155,3,181,4,72,2,England,543,Westminster Constituency,52,1,131,8
E14001268,Harpenden and Berkhamsted,323,6,323,6,413,8,265,5,241,5,320,6,95,2,44,1,England,543,Westminster Constituency,133,3,99,9
E14001269,Harrogate and Knaresborough,371,7,311,6,211,4,191,4,386,8,397,8,350,7,309,6,England,543,Westminster Constituency,279,6,301,5
E14001270,Harrow East,509,10,486,9,193,4,101,2,423,8,198,4,66,2,202,4,England,543,Westminster Constituency,245,5,56,9
E14001271,Harrow West,496,10,428,8,41,1,48,1,440,9,71,2,73,2,219,4,England,543,Westminster Constituency,161,3,128,8
E14001272,Hartlepool,83,2,372,7,408,8,367,7,242,5,301,6,474,9,211,4,England,543,Westminster Constituency,305,6,309,5
E14001273,Harwich and North Essex,191,4,236,5,330,7,332,7,194,4,457,9,249,5,237,5,England,543,Westminster Constituency,228,5,455,2
E14001274,Hastings and Rye,455,9,262,5,119,3,95,2,496,10,399,8,344,7,425,8,England,543,Westminster Constituency,383,8,480,2
E14001275,Havant,129,3,370,7,314,6,219,4,149,3,445,9,475,9,119,3,England,543,Westminster Constituency,292,6,286,5
E14001276,Hayes and Harlington,411,8,460,9,123,3,90,2,233,5,33,1,49,1,199,4,England,543,Westminster Constituency,95,2,112,8
E14001277,Hazel Grove,331,7,444,9,535,10,336,7,433,8,432,8,457,9,230,5,England,543,Westminster Constituency,478,9,215,7
E14001278,Hemel Hempstead,144,3,261,5,161,3,120,3,98,2,154,3,149,3,37,1,England,543,Westminster Constituency,37,1,200,7
E14001279,Hendon,418,8,362,7,32,1,34,1,267,5,58,2,41,1,173,4,England,543,Westminster Constituency,67,2,119,8
E14001280,Henley and Thame,270,5,228,5,284,6,415,8,221,5,436,9,226,5,138,3,England,543,Westminster Constituency,208,4,280,5
E14001281,Hereford and South Herefordshire,256,5,188,4,346,7,285,6,213,4,435,8,331,7,481,9,England,543,Westminster Constituency,354,7,436,2
E14001282,Herne Bay and Sandwich,358,7,312,6,264,5,225,5,350,7,515,10,406,8,280,6,England,543,Westminster Constituency,404,8,524,1
E14001283,Hertford and Stortford,189,4,142,3,117,3,156,3,39,1,205,4,157,3,16,1,England,543,Westminster Constituency,28,1,206,7
E14001284,Hertsmere,387,8,324,6,153,3,121,3,187,4,260,5,148,3,52,1,England,543,Westminster Constituency,87,2,6,10
E14001285,Hexham,298,6,185,4,338,7,460,9,387,8,513,10,521,10,177,4,England,543,Westminster Constituency,480,9,282,5
E14001286,Heywood and Middleton North,167,4,399,8,484,9,404,8,377,7,216,4,415,8,362,7,England,543,Westminster Constituency,369,7,41,10
E14001287,High Peak,426,8,251,5,360,7,353,7,461,9,389,8,496,10,424,8,England,543,Westminster Constituency,461,9,121,8
E14001288,Hinckley and Bosworth,182,4,153,3,286,6,442,9,146,3,378,7,343,7,283,6,England,543,Westminster Constituency,227,5,166,7
E14001289,Hitchin,97,2,66,2,95,2,270,5,60,2,214,4,123,3,51,1,England,543,Westminster Constituency,26,1,242,6
E14001290,Holborn and St Pancras,502,10,340,7,5,1,3,1,514,10,34,1,37,1,189,4,England,543,Westminster Constituency,168,4,9,10
E14001291,Honiton and Sidmouth,185,4,63,2,309,6,402,8,199,4,538,10,526,10,320,6,England,543,Westminster Constituency,505,10,486,2
E14001292,Hornchurch and Upminster,479,9,474,9,345,7,181,4,329,7,264,5,127,3,80,2,England,543,Westminster Constituency,222,5,67,9
E14001293,Hornsey and Friern Barnet,534,10,512,10,34,1,26,1,535,10,80,2,29,1,156,3,England,543,Westminster Constituency,353,7,8,10
E14001294,Horsham,32,1,102,2,77,2,199,4,36,1,304,6,143,3,18,1,England,543,Westminster Constituency,34,1,325,4
E14001295,Houghton and Sunderland South,2,1,141,3,447,9,471,9,252,5,348,7,513,10,162,3,England,543,Westminster Constituency,375,7,300,5
E14001296,Hove and Portslade,514,10,400,8,40,1,38,1,533,10,140,3,96,2,271,5,England,543,Westminster Constituency,296,6,440,2
E14001297,Huddersfield,448,9,449,9,476,9,250,5,490,10,150,3,286,6,518,10,England,543,Westminster Constituency,471,9,184,7
E14001298,Huntingdon,25,1,55,1,296,6,434,8,30,1,324,6,268,5,60,2,England,543,Westminster Constituency,98,2,465,2
E14001299,Hyndburn,495,10,535,10,543,10,444,9,521,10,242,5,472,9,474,9,England,543,Westminster Constituency,542,10,73,9
E14001300,Ilford North,525,10,528,10,269,5,114,3,475,9,87,2,28,1,254,5,England,543,Westminster Constituency,340,7,101,9
E14001301,Ilford South,508,10,509,10,143,3,82,2,447,9,29,1,15,1,412,8,England,543,Westminster Constituency,303,6,145,8
E14001302,Ipswich,351,7,176,4,185,4,132,3,367,7,166,4,204,4,278,6,England,543,Westminster Constituency,113,3,502,1
E14001303,Isle of Wight East,381,7,373,7,256,5,160,3,364,7,536,10,516,10,379,7,England,543,Westminster Constituency,515,10,239,6
E14001304,Isle of Wight West,310,6,317,6,226,5,299,6,248,5,512,10,465,9,302,6,England,543,Westminster Constituency,419,8,235,6
E14001305,Islington North,515,10,459,9,15,1,11,1,516,10,27,1,48,1,142,3,England,543,Westminster Constituency,223,5,22,10
E14001306,Islington South and Finsbury,457,9,315,6,8,1,8,1,391,8,26,1,33,1,48,1,England,543,Westminster Constituency,68,2,30,10
E14001307,Jarrow and Gateshead East,92,2,98,2,468,9,279,6,315,6,302,6,506,10,152,3,England,543,Westminster Constituency,313,6,299,5
E14001308,Keighley and Ilkley,459,9,529,10,412,8,344,7,489,9,343,7,450,9,467,9,England,543,Westminster Constituency,517,10,127,8
E14001309,Kenilworth and Southam,107,2,108,2,219,4,458,9,108,2,433,8,253,5,406,8,England,543,Westminster Constituency,254,5,104,9
E14001310,Kensington and Bayswater,543,10,412,8,9,1,9,1,543,10,76,2,8,1,223,5,England,543,Westminster Constituency,374,7,113,8
E14001311,Kettering,214,4,53,1,174,4,374,7,163,3,245,5,355,7,343,7,England,543,Westminster Constituency,154,3,398,3
E14001312,Kingston and Surbiton,503,10,461,9,81,2,61,2,443,9,104,2,60,2,112,3,England,543,Westminster Constituency,170,4,94,9
E14001313,Kingston upon Hull East,320,6,75,2,528,10,440,9,285,6,204,4,332,7,484,9,England,543,Westminster Constituency,415,8,479,2
E14001314,Kingston upon Hull North and Cottingham,438,9,280,6,393,8,281,6,445,9,138,3,256,5,507,10,England,543,Westminster Constituency,395,8,504,1
E14001315,Kingston upon Hull West and Haltemprice,423,8,241,5,283,6,214,4,398,8,283,6,299,6,477,9,England,543,Westminster Constituency,328,7,500,1
E14001316,Kingswinford and South Staffordshire,142,3,308,6,515,10,431,8,105,2,505,10,376,7,357,7,England,543,Westminster Constituency,445,9,108,9
E14001317,Knowsley,17,1,148,3,280,6,352,7,97,2,184,4,473,9,286,6,England,543,Westminster Constituency,189,4,137,8
E14001318,Lancaster and Wyre,295,6,329,7,266,5,310,6,332,7,291,6,375,7,370,7,England,543,Westminster Constituency,272,5,231,6
E14001319,Leeds Central and Headingley,430,8,533,10,55,1,63,2,435,8,8,1,52,1,530,10,England,543,Westminster Constituency,420,8,226,6
E14001320,Leeds East,353,7,532,10,390,8,326,6,410,8,148,3,324,6,483,9,England,543,Westminster Constituency,446,9,236,6
E14001321,Leeds North East,408,8,517,10,388,8,140,3,392,8,183,4,133,3,344,7,England,543,Westminster Constituency,300,6,201,7
E14001322,Leeds North West,365,7,480,9,382,8,293,6,360,7,381,7,302,6,238,5,England,543,Westminster Constituency,327,6,177,7
E14001323,Leeds South,302,6,485,9,87,2,96,2,266,5,36,1,245,5,506,10,England,543,Westminster Constituency,278,6,222,6
E14001324,Leeds South West and Morley,183,4,390,8,365,7,356,7,157,3,201,4,291,6,279,6,England,543,Westminster Constituency,183,4,165,7
E14001325,Leeds West and Pudsey,378,7,516,10,387,8,233,5,403,8,133,3,273,5,385,8,England,543,Westminster Constituency,342,7,185,7
E14001326,Leicester East,417,8,414,8,435,8,337,7,446,9,103,2,115,3,482,9,England,543,Westminster Constituency,368,7,432,3
E14001327,Leicester South,469,9,425,8,88,2,71,2,497,10,39,1,65,2,524,10,England,543,Westminster Constituency,384,8,407,3
E14001328,Leicester West,404,8,341,7,356,7,193,4,402,8,50,1,118,3,487,9,England,543,Westminster Constituency,277,6,402,3
E14001329,Leigh and Atherton,186,4,343,7,380,7,418,8,331,7,248,5,402,8,349,7,England,543,Westminster Constituency,307,6,28,10
E14001330,Lewes,258,5,224,5,336,7,247,5,239,5,522,10,410,8,197,4,England,543,Westminster Constituency,370,7,356,4
E14001331,Lewisham East,513,10,507,10,101,2,53,1,511,10,53,1,81,2,285,6,England,543,Westminster Constituency,310,6,63,9
E14001332,Lewisham North,440,9,278,6,18,1,19,1,394,8,11,1,21,1,134,3,England,543,Westminster Constituency,65,2,43,10
E14001333,Lewisham West and East Dulwich,540,10,515,10,51,1,37,1,534,10,40,1,54,1,168,4,England,543,Westminster Constituency,378,7,7,10
E14001334,Leyton and Wanstead,532,10,530,10,73,2,49,1,528,10,48,1,25,1,313,6,England,543,Westminster Constituency,400,8,62,9
E14001335,Lichfield,60,2,114,3,181,4,379,7,45,1,449,9,318,6,373,7,England,543,Westminster Constituency,226,5,148,8
E14001336,Lincoln,172,4,116,3,316,6,243,5,236,5,147,3,216,4,442,9,England,543,Westminster Constituency,149,3,534,1
E14001337,Liverpool Garston,384,8,347,7,373,7,295,6,341,7,327,6,427,8,270,5,England,543,Westminster Constituency,321,6,134,8
E14001338,Liverpool Riverside,260,5,56,2,30,1,45,1,179,4,32,1,241,5,456,9,England,543,Westminster Constituency,97,2,208,7
E14001339,Liverpool Walton,429,8,416,8,516,10,429,8,487,9,165,3,439,9,463,9,England,543,Westminster Constituency,493,10,155,8
E14001340,Liverpool Wavertree,521,10,453,9,243,5,127,3,532,10,112,3,211,4,514,10,England,543,Westminster Constituency,469,9,164,7
E14001341,Liverpool West Derby,458,9,406,8,478,9,333,7,492,10,217,4,417,8,470,9,England,543,Westminster Constituency,472,9,149,8
E14001342,Loughborough,164,3,295,6,194,4,290,6,150,3,207,4,212,4,354,7,England,543,Westminster Constituency,121,3,278,5
E14001343,Louth and Horncastle,138,3,57,2,429,8,520,10,182,4,534,10,540,10,468,9,England,543,Westminster Constituency,537,10,477,2
E14001344,Lowestoft,354,7,209,4,508,10,393,8,369,7,493,10,437,9,338,7,England,543,Westminster Constituency,464,9,475,2
E14001345,Luton North,337,7,395,8,530,10,297,6,174,4,117,3,106,2,187,4,England,543,Westminster Constituency,224,5,329,4
E14001346,Luton South and South Bedfordshire,389,8,388,8,116,3,98,2,343,7,46,1,79,2,374,7,England,543,Westminster Constituency,128,3,283,5
E14001347,Macclesfield,329,7,293,6,457,9,346,7,349,7,446,9,326,6,222,5,England,543,Westminster Constituency,338,7,248,6
E14001348,Maidenhead,236,5,230,5,135,3,168,4,144,3,246,5,109,2,28,1,England,543,Westminster Constituency,49,1,223,6
E14001349,Maidstone and Malling,165,3,223,5,57,2,149,3,86,2,182,4,131,3,74,2,England,543,Westminster Constituency,35,1,433,3
E14001350,Makerfield,181,4,408,8,504,10,503,10,269,5,339,7,456,9,265,5,England,543,Westminster Constituency,438,9,5,10
E14001351,Maldon,122,3,285,6,391,8,419,8,43,1,460,9,198,4,87,2,England,543,Westminster Constituency,205,4,249,6
E14001352,Manchester Central,87,2,24,1,21,1,42,1,11,1,19,1,155,3,336,7,England,543,Westminster Constituency,17,1,244,6
E14001353,Manchester Rusholme,300,6,193,4,43,1,64,2,262,5,2,1,47,1,505,10,England,543,Westminster Constituency,139,3,216,7
E14001354,Manchester Withington,421,8,438,9,129,3,87,2,484,9,51,1,93,2,363,7,England,543,Westminster Constituency,209,4,162,8
E14001355,Mansfield,180,4,282,6,482,9,443,9,273,5,294,6,297,6,422,8,England,543,Westminster Constituency,335,7,386,3
E14001356,Melksham and Devizes,104,2,35,1,201,4,405,8,120,3,470,9,359,7,206,4,England,543,Westminster Constituency,219,4,452,2
E14001357,Melton and Syston,221,5,263,5,323,6,490,10,170,4,408,8,281,6,303,6,England,543,Westminster Constituency,287,6,311,5
E14001358,Meriden and Solihull East,334,7,204,4,290,6,204,4,129,3,362,7,255,5,390,8,England,543,Westminster Constituency,204,4,76,9
E14001359,Mid Bedfordshire,18,1,14,1,79,2,507,10,44,1,222,5,188,4,61,2,England,543,Westminster Constituency,78,2,269,6
E14001360,Mid Buckinghamshire,101,2,101,2,167,4,461,9,166,4,356,7,237,5,83,2,England,543,Westminster Constituency,119,3,240,6
E14001361,Mid Cheshire,120,3,113,3,228,5,450,9,90,2,243,5,411,8,179,4,England,543,Westminster Constituency,155,3,285,5
E14001362,Mid Derbyshire,231,5,199,4,523,10,524,10,133,3,450,9,333,7,241,5,England,543,Westminster Constituency,427,8,312,5
E14001363,Mid Dorset and North Poole,38,1,105,2,475,9,355,7,52,1,498,10,431,8,132,3,England,543,Westminster Constituency,324,6,413,3
E14001364,Mid Leicestershire,193,4,159,3,381,7,527,10,119,3,361,7,215,4,195,4,England,543,Westminster Constituency,250,5,291,5
E14001365,Mid Norfolk,39,1,13,1,322,6,534,10,78,2,486,9,360,7,245,5,England,543,Westminster Constituency,359,7,361,4
E14001366,Mid Sussex,135,3,71,2,96,2,202,4,109,2,316,6,186,4,36,1,England,543,Westminster Constituency,50,1,380,3
E14001367,Middlesbrough and Thornaby East,249,5,488,9,425,8,314,6,439,9,121,3,321,6,402,8,England,543,Westminster Constituency,350,7,384,3
E14001368,Middlesbrough South and East Cleveland,30,1,273,5,432,8,447,9,130,3,424,8,400,8,158,3,England,543,Westminster Constituency,286,6,373,4
E14001369,Milton Keynes Central,1,1,4,1,56,2,174,4,1,1,44,1,62,2,4,1,England,543,Westminster Constituency,3,1,365,4
E14001370,Milton Keynes North,65,2,157,3,233,5,335,7,26,1,224,5,135,3,65,2,England,543,Westminster Constituency,51,1,343,4
E14001371,Mitcham and Morden,504,10,501,10,151,3,80,2,456,9,63,2,58,2,207,4,England,543,Westminster Constituency,234,5,86,9
E14001372,Morecambe and Lunesdale,398,8,435,8,437,9,271,5,455,9,501,10,502,10,388,8,England,543,Westminster Constituency,514,10,397,3
E14001373,New Forest East,86,2,203,4,531,10,380,7,95,2,484,9,409,8,99,2,England,543,Westminster Constituency,385,8,213,7
E14001374,New Forest West,82,2,131,3,415,8,259,5,123,3,541,10,531,10,120,3,England,543,Westminster Constituency,490,10,245,6
E14001375,Newark,168,4,138,3,324,6,477,9,154,3,442,9,290,6,351,7,England,543,Westminster Constituency,295,6,319,5
E14001376,Newbury,76,2,37,1,172,4,194,4,41,1,278,6,161,3,26,1,England,543,Westminster Constituency,38,1,454,2
E14001377,Newcastle upon Tyne Central and West,219,4,237,5,106,2,94,2,384,8,98,2,248,5,269,5,England,543,Westminster Constituency,93,2,360,4
E14001378,Newcastle upon Tyne East and Wallsend,318,6,270,5,110,2,73,2,454,9,139,3,459,9,234,5,England,543,Westminster Constituency,218,4,340,4
E14001379,Newcastle upon Tyne North,304,6,334,7,105,2,113,3,416,8,197,4,259,5,115,3,England,543,Westminster Constituency,114,3,330,4
E14001380,Newcastle-under-Lyme,234,5,219,4,456,9,328,7,358,7,323,6,397,8,503,10,England,543,Westminster Constituency,421,8,489,1
E14001381,Newton Abbot,253,5,119,3,215,4,266,5,270,5,507,10,453,9,287,6,England,543,Westminster Constituency,360,7,507,1
E14001382,Newton Aycliffe and Spennymoor,28,1,192,4,487,9,542,10,254,5,354,7,528,10,208,4,England,543,Westminster Constituency,483,9,262,6
E14001383,Normanton and Hemsworth,105,2,247,5,452,9,509,10,314,6,296,6,471,9,457,9,England,543,Westminster Constituency,447,9,218,6
E14001384,North Bedfordshire,37,1,22,1,103,2,469,9,56,2,280,6,217,4,71,2,England,543,Westminster Constituency,77,2,265,6
E14001385,North Cornwall,192,4,106,2,178,4,435,8,147,3,491,10,463,9,403,8,England,543,Westminster Constituency,402,8,457,2
E14001386,North Cotswolds,187,4,191,4,130,3,483,9,191,4,459,9,298,6,268,5,England,543,Westminster Constituency,268,5,473,2
E14001387,North Devon,311,6,139,3,238,5,321,6,312,6,482,9,508,10,417,8,England,543,Westminster Constituency,449,9,513,1
E14001388,North Dorset,79,2,30,1,378,7,455,9,63,2,511,10,461,9,228,5,England,543,Westminster Constituency,391,8,409,3
E14001389,North Durham,95,2,234,5,517,10,526,10,366,7,392,8,522,10,186,4,England,543,Westminster Constituency,485,9,288,5
E14001390,North East Cambridgeshire,111,3,49,1,310,6,478,9,70,2,425,8,385,8,209,4,England,543,Westminster Constituency,246,5,515,1
E14001391,North East Derbyshire,209,4,164,3,486,9,501,10,222,5,461,9,482,9,368,7,England,543,Westminster Constituency,460,9,350,4
E14001392,North East Hampshire,22,1,43,1,146,3,317,6,12,1,312,6,142,3,6,1,England,543,Westminster Constituency,43,1,370,4
E14001393,North East Hertfordshire,224,5,195,4,262,5,268,5,202,4,335,7,213,4,94,2,England,543,Westminster Constituency,102,2,81,9
E14001394,North East Somerset and Hanham,268,5,124,3,307,6,381,7,177,4,393,8,325,6,165,3,England,543,Westminster Constituency,191,4,435,2
E14001395,North Herefordshire,235,5,155,3,377,7,505,10,257,5,527,10,442,9,516,10,England,543,Westminster Constituency,522,10,404,3
E14001396,North Norfolk,242,5,95,2,426,8,430,8,289,6,542,10,537,10,333,7,England,543,Westminster Constituency,528,10,421,3
E14001397,North Northumberland,205,4,107,2,347,7,463,9,336,7,530,10,534,10,213,4,England,543,Westminster Constituency,511,10,472,2
E14001398,North Shropshire,166,4,78,2,271,5,462,9,228,5,468,9,413,8,493,10,England,543,Westminster Constituency,432,8,441,2
E14001399,North Somerset,141,3,123,3,223,5,228,5,89,2,479,9,347,7,102,2,England,543,Westminster Constituency,177,4,310,5
E14001400,North Warwickshire and Bedworth,330,7,357,7,469,9,425,8,220,5,363,7,269,5,465,9,England,543,Westminster Constituency,401,8,27,10
E14001401,North West Cambridgeshire,11,1,7,1,91,2,373,7,10,1,143,3,210,4,50,1,England,543,Westminster Constituency,33,1,521,1
E14001402,North West Essex,90,2,47,1,71,2,396,8,81,2,310,6,167,4,90,2,England,543,Westminster Constituency,61,2,204,7
E14001403,North West Hampshire,19,1,8,1,61,2,300,6,25,1,211,4,189,4,31,1,England,543,Westminster Constituency,20,1,464,2
E14001404,North West Leicestershire,85,2,149,3,186,4,512,10,162,3,306,6,328,7,346,7,England,543,Westminster Constituency,237,5,258,6
E14001405,North West Norfolk,175,4,59,2,423,8,398,8,223,5,492,10,440,9,301,6,England,543,Westminster Constituency,386,8,526,1
E14001406,Northampton North,370,7,375,7,289,6,175,4,382,8,106,2,139,3,420,8,England,543,Westminster Constituency,207,4,492,1
E14001407,Northampton South,6,1,34,1,245,5,386,8,3,1,132,3,117,3,75,2,England,543,Westminster Constituency,39,1,467,2
E14001408,Norwich North,148,3,120,3,436,9,274,6,255,5,317,6,285,6,181,4,England,543,Westminster Constituency,152,3,400,3
E14001409,Norwich South,252,5,97,2,114,3,92,2,308,6,169,4,200,4,253,5,England,543,Westminster Constituency,74,2,406,3
E14001410,Nottingham East,443,9,358,7,82,2,79,2,426,8,23,1,72,2,513,10,England,543,Westminster Constituency,283,6,399,3
E14001411,Nottingham North and Kimberley,210,4,232,5,541,10,385,8,303,6,146,3,261,5,451,9,England,543,Westminster Constituency,390,8,364,4
E14001412,Nottingham South,309,6,212,4,364,7,200,4,229,5,65,2,152,3,485,9,England,543,Westminster Constituency,200,4,368,4
E14001413,Nuneaton,255,5,182,4,255,5,401,8,185,4,225,5,191,4,473,9,England,543,Westminster Constituency,232,5,95,9
E14001414,Old Bexley and Sidcup,518,10,495,10,424,8,155,3,458,9,268,5,120,3,82,2,England,543,Westminster Constituency,336,7,82,9
E14001415,Oldham East and Saddleworth,368,7,524,10,536,10,395,8,476,9,187,4,338,7,401,8,England,543,Westminster Constituency,489,9,167,7
E14001416,"Oldham West, Chadderton and Royton",259,5,505,10,501,10,378,7,449,9,116,3,283,6,423,8,England,543,Westminster Constituency,416,8,192,7
E14001417,Orpington,474,9,434,8,502,10,245,5,348,7,285,6,137,3,78,2,England,543,Westminster Constituency,290,6,79,9
E14001418,Ossett and Denby Dale,215,4,300,6,485,9,485,9,333,7,417,8,353,7,358,7,England,543,Westminster Constituency,410,8,158,8
E14001419,Oxford East,366,7,291,6,224,5,125,3,247,5,59,2,61,2,225,5,England,543,Westminster Constituency,75,2,522,1
E14001420,Oxford West and Abingdon,248,5,213,4,139,3,130,3,127,3,203,4,89,2,41,1,England,543,Westminster Constituency,41,1,517,1
E14001421,Peckham,441,9,365,7,17,1,15,1,347,7,18,1,23,1,188,4,England,543,Westminster Constituency,76,2,13,10
E14001422,Pendle and Clitheroe,488,9,523,10,495,10,491,10,525,10,292,6,429,8,471,9,England,543,Westminster Constituency,530,10,114,8
E14001423,Penistone and Stocksbridge,134,3,264,5,489,9,480,9,251,5,467,9,492,10,334,7,England,543,Westminster Constituency,459,9,136,8
E14001424,Penrith and Solway,369,7,307,6,354,7,437,9,412,8,487,9,515,10,377,7,England,543,Westminster Constituency,504,10,535,1
E14001425,Peterborough,115,3,143,3,409,8,242,5,186,4,122,3,134,3,242,5,England,543,Westminster Constituency,84,2,535,1
E14001426,Plymouth Moor View,184,4,243,5,442,9,308,6,205,4,314,6,416,8,295,6,England,543,Westminster Constituency,263,5,514,1
E14001427,Plymouth Sutton and Devonport,492,10,383,8,67,2,57,2,520,10,115,3,306,6,486,9,England,543,Westminster Constituency,403,8,520,1
E14001428,"Pontefract, Castleford and Knottingley",93,2,154,3,249,5,413,8,321,6,232,5,393,8,397,8,England,543,Westminster Constituency,242,5,224,6
E14001429,Poole,139,3,151,3,64,2,85,2,135,3,426,8,407,8,184,4,England,543,Westminster Constituency,146,3,415,3
E14001430,Poplar and Limehouse,15,1,2,1,1,1,1,1,2,1,1,1,1,1,5,1,England,543,Westminster Constituency,1,1,122,8
E14001431,Portsmouth North,436,9,469,9,454,9,198,4,470,9,185,4,308,6,214,4,England,543,Westminster Constituency,333,7,276,5
E14001432,Portsmouth South,486,9,407,8,63,2,54,1,506,10,88,2,138,3,441,9,England,543,Westminster Constituency,302,6,298,5
E14001433,Preston,155,3,321,6,376,7,192,4,359,7,83,2,272,5,436,9,England,543,Westminster Constituency,210,4,241,6
E14001434,Putney,499,10,470,9,27,1,23,1,460,9,43,1,3,1,33,1,England,543,Westminster Constituency,142,3,36,10
E14001435,Queen's Park and Maida Vale,531,10,448,9,13,1,10,1,537,10,41,1,51,1,276,6,England,543,Westminster Constituency,322,6,40,10
E14001436,Rawmarsh and Conisbrough,162,3,302,6,458,9,476,9,300,6,298,6,448,9,462,9,England,543,Westminster Constituency,436,9,266,6
E14001437,Rayleigh and Wickford,325,6,363,7,479,9,372,7,27,1,416,8,240,5,10,1,England,543,Westminster Constituency,243,5,292,5
E14001438,Reading Central,406,8,353,7,68,2,65,2,362,7,55,1,53,1,191,4,England,543,Westminster Constituency,85,2,377,4
E14001439,Reading West and Mid Berkshire,228,5,227,5,453,9,322,6,134,3,281,6,124,3,38,1,England,543,Westminster Constituency,110,2,355,4
E14001440,Redcar,149,3,384,8,494,10,410,8,319,6,412,8,510,10,217,4,England,543,Westminster Constituency,450,9,351,4
E14001441,Redditch,143,3,186,4,405,8,307,6,55,1,300,6,277,6,399,8,England,543,Westminster Constituency,195,4,182,7
E14001442,Reigate,335,7,252,5,127,3,118,3,204,4,254,5,111,3,35,1,England,543,Westminster Constituency,57,2,132,8
E14001443,Ribble Valley,190,4,200,4,248,5,516,10,173,4,398,8,390,8,190,4,England,543,Westminster Constituency,293,6,107,9
E14001444,Richmond and Northallerton,293,6,77,2,474,9,494,10,301,6,490,10,455,9,418,8,England,543,Westminster Constituency,475,9,352,4
E14001445,Richmond Park,519,10,518,10,62,2,58,2,505,10,153,3,6,1,86,2,England,543,Westminster Constituency,281,6,20,10
E14001446,Rochdale,198,4,447,9,427,8,312,6,434,8,124,3,341,7,461,9,England,543,Westminster Constituency,361,7,12,10
E14001447,Rochester and Strood,237,5,350,7,112,3,179,4,161,3,158,3,156,3,130,3,England,543,Westminster Constituency,60,2,264,6
E14001448,Romford,498,10,437,9,176,4,104,2,385,8,179,4,107,2,91,2,England,543,Westminster Constituency,167,4,66,9
E14001449,Romsey and Southampton North,140,3,85,2,293,6,278,6,176,4,415,8,170,4,151,3,England,543,Westminster Constituency,115,3,277,5
E14001450,Rossendale and Darwen,461,9,511,10,503,10,446,9,494,10,269,5,438,9,411,8,England,543,Westminster Constituency,513,10,17,10
E14001451,Rother Valley,94,2,310,6,521,10,515,10,210,4,404,8,493,10,387,8,England,543,Westminster Constituency,479,9,303,5
E14001452,Rotherham,77,2,339,7,431,8,288,6,328,7,191,4,380,7,478,9,England,543,Westminster Constituency,323,6,332,4
E14001453,Rugby,233,5,96,2,111,3,315,6,136,3,247,5,141,3,407,8,England,543,Westminster Constituency,117,3,214,7
E14001454,"Ruislip, Northwood and Pinner",482,9,439,9,247,5,106,2,342,7,345,7,119,3,19,1,England,543,Westminster Constituency,194,4,48,10
E14001455,Runcorn and Helsby,119,3,389,8,460,9,412,8,115,3,346,7,481,9,227,5,England,543,Westminster Constituency,356,7,61,9
E14001456,Runnymede and Weybridge,347,7,248,5,125,3,141,3,110,2,244,5,94,2,30,1,England,543,Westminster Constituency,53,1,120,8
E14001457,Rushcliffe,287,6,177,4,252,5,375,7,156,3,367,7,228,5,244,5,England,543,Westminster Constituency,162,3,290,5
E14001458,Rutland and Stamford,150,3,72,2,337,7,493,10,178,4,464,9,357,7,330,7,England,543,Westminster Constituency,329,7,376,4
E14001459,Salford,26,1,20,1,25,1,46,1,40,1,28,1,230,5,288,6,England,543,Westminster Constituency,16,1,225,6
E14001460,Salisbury,220,5,74,2,213,4,298,6,295,6,462,9,423,8,249,5,England,543,Westminster Constituency,274,6,347,4
E14001461,Scarborough and Whitby,432,8,467,9,170,4,164,3,501,10,496,10,539,10,502,10,England,543,Westminster Constituency,538,10,393,3
E14001462,Scunthorpe,269,5,64,2,481,9,400,8,260,5,329,7,348,7,452,9,England,543,Westminster Constituency,355,7,448,2
E14001463,Sefton Central,314,6,354,7,509,10,384,8,287,6,516,10,449,9,149,3,England,543,Westminster Constituency,462,9,54,10
E14001464,Selby,59,2,103,2,180,4,519,10,74,2,322,6,388,8,273,5,England,543,Westminster Constituency,235,5,237,6
E14001465,Sevenoaks,375,7,349,7,406,8,263,5,324,6,355,7,150,3,124,3,England,543,Westminster Constituency,201,4,59,9
E14001466,Sheffield Brightside and Hillsborough,218,4,483,9,466,9,253,5,491,10,111,3,422,8,517,10,England,543,Westminster Constituency,473,9,381,3
E14001467,Sheffield Central,341,7,458,9,23,1,39,1,283,6,16,1,56,2,519,10,England,543,Westminster Constituency,248,5,348,4
E14001468,Sheffield Hallam,422,8,502,10,371,7,260,5,466,9,374,7,229,5,294,6,England,543,Westminster Constituency,393,8,322,5
E14001469,Sheffield Heeley,137,3,455,9,254,5,177,4,352,7,195,4,441,9,430,8,England,543,Westminster Constituency,316,6,363,4
E14001470,Sheffield South East,46,1,355,7,507,10,339,7,206,4,263,5,517,10,369,7,England,543,Westminster Constituency,428,8,357,4
E14001471,Sherwood Forest,71,2,171,4,261,5,502,10,141,3,336,7,378,7,366,7,England,543,Westminster Constituency,275,6,353,4
E14001472,Shipley,393,8,441,9,306,6,251,5,368,7,395,8,371,7,315,6,England,543,Westminster Constituency,352,7,154,8
E14001473,Shrewsbury,125,3,60,2,244,5,363,7,189,4,420,8,364,7,443,9,England,543,Westminster Constituency,285,6,458,2
E14001474,Sittingbourne and Sheppey,202,4,326,6,275,6,357,7,152,3,233,5,235,5,257,5,England,543,Westminster Constituency,134,3,420,3
E14001475,Skipton and Ripon,392,8,218,4,402,8,441,9,424,8,509,10,501,10,449,9,England,543,Westminster Constituency,519,10,141,8
E14001476,Sleaford and North Hykeham,13,1,9,1,218,4,543,10,24,1,429,8,391,8,284,6,England,543,Westminster Constituency,348,7,509,1
E14001477,Slough,292,6,267,5,86,2,84,2,69,2,31,1,86,2,153,3,England,543,Westminster Constituency,30,1,250,6
E14001478,Smethwick,489,9,489,9,430,8,229,5,472,9,93,2,187,4,536,10,England,543,Westminster Constituency,486,9,202,7
E14001479,Solihull West and Shirley,350,7,346,7,282,6,217,4,111,3,357,7,183,4,290,6,England,543,Westminster Constituency,171,4,91,9
E14001480,South Basildon and East Thurrock,266,5,442,9,422,8,227,5,85,2,221,5,246,5,85,2,England,543,Westminster Constituency,145,3,203,7
E14001481,South Cambridgeshire,116,3,50,1,350,7,449,9,101,2,350,7,197,4,122,3,England,543,Westminster Constituency,127,3,318,5
E14001482,South Cotswolds,188,4,84,2,166,4,407,8,171,4,452,9,243,5,272,5,England,543,Westminster Constituency,197,4,434,2
E14001483,South Derbyshire,43,1,33,1,93,2,528,10,73,2,276,6,319,6,326,6,England,543,Westminster Constituency,206,4,243,6
E14001484,South Devon,342,7,253,5,313,6,334,7,306,6,532,10,505,10,378,7,England,543,Westminster Constituency,501,10,470,2
E14001485,South Dorset,283,6,257,5,230,5,187,4,271,5,514,10,529,10,380,7,England,543,Westminster Constituency,474,9,416,3
E14001486,South East Cornwall,301,6,206,4,418,8,448,9,272,5,524,10,499,10,394,8,England,543,Westminster Constituency,506,10,451,2
E14001487,South Holland and The Deepings,33,1,12,1,339,7,540,10,48,1,444,9,460,9,350,7,England,543,Westminster Constituency,425,8,532,1
E14001488,South Leicestershire,64,2,94,2,253,5,522,10,65,2,347,7,222,5,200,4,England,543,Westminster Constituency,185,4,238,6
E14001489,South Norfolk,9,1,3,1,75,2,525,10,32,1,400,8,258,5,131,3,England,543,Westminster Constituency,163,3,335,4
E14001490,South Northamptonshire,51,1,44,1,220,5,506,10,76,2,334,7,214,4,311,6,England,543,Westminster Constituency,173,4,369,4
E14001491,South Ribble,89,2,207,4,419,8,464,9,142,3,406,8,351,7,175,4,England,543,Westminster Constituency,256,5,16,10
E14001492,South Shields,131,3,318,6,410,8,163,3,450,9,390,8,520,10,201,4,England,543,Westminster Constituency,406,8,287,5
E14001493,South Shropshire,308,6,316,6,433,8,497,10,310,6,535,10,489,9,520,10,England,543,Westminster Constituency,535,10,257,6
E14001494,South Suffolk,124,3,91,2,398,8,500,10,143,3,504,10,370,7,248,5,England,543,Westminster Constituency,382,8,410,3
E14001495,South West Devon,145,3,174,4,473,9,510,10,91,2,471,9,368,7,183,4,England,543,Westminster Constituency,367,7,510,1
E14001496,South West Hertfordshire,391,8,344,7,319,6,195,4,164,3,249,5,146,3,58,2,England,543,Westminster Constituency,106,2,15,10
E14001497,South West Norfolk,88,2,48,1,386,8,529,10,96,2,448,9,447,9,281,6,England,543,Westminster Constituency,398,8,447,2
E14001498,South West Wiltshire,100,2,42,1,232,5,377,7,94,2,394,8,369,7,224,5,England,543,Westminster Constituency,164,3,535,1
E14001499,Southampton Itchen,147,3,117,3,48,1,55,1,175,4,120,3,195,4,155,3,England,543,Westminster Constituency,32,1,294,5
E14001500,Southampton Test,294,6,166,4,85,2,62,2,353,7,75,2,160,3,307,6,England,543,Westminster Constituency,79,2,314,5
E14001501,Southend East and Rochford,477,9,394,8,89,2,68,2,413,8,252,5,236,5,292,6,England,543,Westminster Constituency,231,5,396,3
E14001502,Southend West and Leigh,536,10,491,10,349,7,108,2,512,10,311,6,251,5,215,4,England,543,Westminster Constituency,439,9,403,3
E14001503,Southgate and Wood Green,523,10,497,10,60,2,47,1,504,10,109,2,46,1,263,5,England,543,Westminster Constituency,299,6,65,9
E14001504,Southport,413,8,422,8,246,5,152,3,485,9,478,9,468,9,400,8,England,543,Westminster Constituency,468,9,92,9
E14001505,Spelthorne,425,8,387,8,208,4,117,3,218,4,227,5,147,3,25,1,England,543,Westminster Constituency,100,2,49,10
E14001506,Spen Valley,245,5,332,7,444,9,383,8,337,7,330,7,405,8,413,8,England,543,Westminster Constituency,379,7,170,7
E14001507,St Albans,361,7,269,5,159,3,133,3,238,5,172,4,74,2,23,1,England,543,Westminster Constituency,55,1,38,10
E14001508,St Austell and Newquay,174,4,45,1,104,2,273,5,145,3,428,8,512,10,386,8,England,543,Westminster Constituency,343,7,494,1
E14001509,St Helens North,247,5,396,8,520,10,473,9,338,7,337,7,519,10,321,6,England,543,Westminster Constituency,487,9,24,10
E14001510,St Helens South and Whiston,203,4,330,7,384,8,361,7,280,6,297,6,479,9,352,7,England,543,Westminster Constituency,349,7,60,9
E14001511,St Ives,400,8,328,7,334,7,313,6,448,9,519,10,503,10,466,9,England,543,Westminster Constituency,521,10,535,1
E14001512,St Neots and Mid Cambridgeshire,8,1,5,1,69,2,408,8,6,1,208,4,154,3,14,1,England,543,Westminster Constituency,36,1,426,3
E14001513,Stafford,170,4,167,4,300,6,343,7,172,4,383,8,287,6,454,9,England,543,Westminster Constituency,265,5,339,4
E14001514,Staffordshire Moorlands,352,7,382,8,540,10,521,10,420,8,489,9,452,9,501,10,England,543,Westminster Constituency,539,10,378,4
E14001515,Stalybridge and Hyde,240,5,429,8,443,9,304,6,409,8,219,4,462,9,312,6,England,543,Westminster Constituency,365,7,178,7
E14001516,Stevenage,136,3,333,7,370,7,183,4,50,1,174,4,145,3,32,1,England,543,Westminster Constituency,59,2,234,6
E14001517,Stockport,409,8,421,8,317,6,170,4,478,9,130,3,374,7,382,8,England,543,Westminster Constituency,326,6,221,6
E14001518,Stockton North,55,1,245,5,383,8,345,7,302,6,229,5,485,9,246,5,England,543,Westminster Constituency,271,5,346,4
E14001519,Stockton West,7,1,88,2,326,6,511,10,15,1,369,7,346,7,7,1,England,543,Westminster Constituency,180,4,331,4
E14001520,Stoke-on-Trent Central,372,7,405,8,497,10,320,6,474,9,126,3,330,7,540,10,England,543,Westminster Constituency,507,10,501,1
E14001521,Stoke-on-Trent North,278,6,356,7,526,10,457,9,395,8,274,6,381,7,529,10,England,543,Westminster Constituency,509,10,496,1
E14001522,Stoke-on-Trent South,123,3,208,4,537,10,492,10,265,5,403,8,414,8,500,10,England,543,Westminster Constituency,500,10,474,2
E14001523,"Stone, Great Wyrley and Penkridge",126,3,183,4,325,6,454,9,93,2,447,9,337,7,404,8,England,543,Westminster Constituency,318,6,140,8
E14001524,Stourbridge,289,6,379,7,411,8,224,5,275,6,340,7,336,7,490,10,England,543,Westminster Constituency,381,7,163,7
E14001525,Stratford and Bow,313,6,202,4,10,1,20,1,106,2,5,1,7,1,221,5,England,543,Westminster Constituency,14,1,109,8
E14001526,Stratford-on-Avon,80,2,110,2,124,3,351,7,83,2,494,10,315,6,439,9,England,543,Westminster Constituency,301,6,125,8
E14001527,Streatham and Croydon North,535,10,520,10,44,1,36,1,530,10,60,2,27,1,239,5,England,543,Westminster Constituency,366,7,85,9
E14001528,Stretford and Urmston,390,8,420,8,299,6,153,3,444,9,160,3,420,8,318,6,England,543,Westminster Constituency,311,6,143,8
E14001529,Stroud,317,6,284,6,308,6,362,7,286,6,430,8,329,7,289,6,England,543,Westminster Constituency,291,6,414,3
E14001530,Suffolk Coastal,195,4,156,3,340,7,406,8,246,5,533,10,487,9,252,5,England,543,Westminster Constituency,456,9,387,3
E14001531,Sunderland Central,176,4,475,9,321,6,203,4,486,9,303,6,504,10,328,7,England,543,Westminster Constituency,434,8,304,5
E14001532,Surrey Heath,127,3,256,5,327,6,223,5,51,1,293,6,105,2,12,1,England,543,Westminster Constituency,58,2,212,7
E14001533,Sussex Weald,160,3,146,3,240,5,365,7,193,4,481,9,304,6,167,4,England,543,Westminster Constituency,225,5,371,4
E14001534,Sutton and Cheam,475,9,411,8,65,2,56,2,318,6,162,3,90,2,43,1,England,543,Westminster Constituency,103,2,88,9
E14001535,Sutton Coldfield,379,7,376,7,451,9,215,4,183,4,431,8,190,4,258,5,England,543,Westminster Constituency,276,6,75,9
E14001536,Swindon North,66,2,25,1,70,2,275,6,7,1,159,3,225,5,106,2,England,543,Westminster Constituency,31,1,535,1
E14001537,Swindon South,197,4,175,4,217,4,180,4,80,2,128,3,158,3,160,3,England,543,Westminster Constituency,47,1,535,1
E14001538,Tamworth,159,3,226,5,368,7,359,7,59,2,325,6,264,5,410,8,England,543,Westminster Constituency,214,4,69,9
E14001539,Tatton,275,6,277,6,420,8,371,7,234,5,443,9,257,5,140,3,England,543,Westminster Constituency,253,5,23,10
E14001540,Taunton and Wellington,130,3,32,1,155,3,257,5,160,3,411,8,366,7,247,5,England,543,Westminster Constituency,151,3,530,1
E14001541,Telford,10,1,10,1,158,3,436,9,19,1,149,3,250,5,450,9,England,543,Westminster Constituency,137,3,408,3
E14001542,Tewkesbury,57,2,93,2,216,4,438,9,46,1,401,8,300,6,107,2,England,543,Westminster Constituency,135,3,476,2
E14001543,The Wrekin,35,1,52,1,202,4,472,9,64,2,326,6,309,6,427,8,England,543,Westminster Constituency,220,5,321,5
E14001544,Thirsk and Malton,254,5,130,3,257,5,475,9,304,6,518,10,495,10,455,9,England,543,Westminster Constituency,495,10,362,4
E14001545,Thornbury and Yate,161,3,125,3,297,6,468,9,67,2,414,8,323,6,143,3,England,543,Westminster Constituency,202,4,417,3
E14001546,Thurrock,290,6,180,4,138,3,122,3,54,1,47,1,97,2,117,3,England,543,Westminster Constituency,24,1,160,8
E14001547,Tipton and Wednesbury,271,5,289,6,298,6,210,4,184,4,131,3,276,6,515,10,England,543,Westminster Constituency,282,6,194,7
E14001548,Tiverton and Minehead,332,7,118,3,403,8,432,8,316,6,525,10,469,9,426,8,England,543,Westminster Constituency,492,10,471,2
E14001549,Tonbridge,316,6,366,7,369,7,296,6,309,6,375,7,177,4,137,3,England,543,Westminster Constituency,199,4,196,7
E14001550,Tooting,537,10,525,10,45,1,29,1,536,10,30,1,4,1,145,3,England,543,Westminster Constituency,371,7,53,10
E14001551,Torbay,453,9,305,6,140,3,88,2,462,9,483,9,514,10,437,9,England,543,Westminster Constituency,488,9,516,1
E14001552,Torridge and Tavistock,305,6,70,2,291,6,445,9,281,6,526,10,511,10,415,8,England,543,Westminster Constituency,503,10,491,1
E14001553,Tottenham,494,10,479,9,33,1,25,1,498,10,22,1,17,1,376,7,England,543,Westminster Constituency,258,5,89,9
E14001554,Truro and Falmouth,250,5,38,1,160,3,311,6,256,5,440,9,394,8,353,7,England,543,Westminster Constituency,264,5,490,1
E14001555,Tunbridge Wells,383,8,296,6,126,3,134,3,415,8,282,6,151,3,176,4,England,543,Westminster Constituency,132,3,424,3
E14001556,Twickenham,511,10,496,10,99,2,70,2,488,9,168,4,55,1,73,2,England,543,Westminster Constituency,241,5,35,10
E14001557,Tynemouth,282,6,314,6,320,6,111,3,441,9,407,8,486,9,103,2,England,543,Westminster Constituency,331,7,313,5
E14001558,Uxbridge and South Ruislip,428,8,392,8,149,3,100,2,282,6,85,2,75,2,59,2,England,543,Westminster Constituency,82,2,110,8
E14001559,Vauxhall and Camberwell Green,472,9,292,6,7,1,5,1,427,8,24,1,11,1,89,2,England,543,Westminster Constituency,80,2,25,10
E14001560,Wakefield and Rothwell,110,2,255,5,263,5,264,5,297,6,209,4,310,6,389,8,England,543,Westminster Constituency,174,4,183,7
E14001561,Wallasey,465,9,403,8,464,9,212,4,495,10,351,7,476,9,445,9,England,543,Westminster Constituency,491,10,153,8
E14001562,Walsall and Bloxwich,338,7,451,9,278,6,189,4,373,7,102,2,262,5,539,10,England,543,Westminster Constituency,435,8,205,7
E14001563,Walthamstow,507,10,492,10,47,1,40,1,519,10,17,1,14,1,367,7,England,543,Westminster Constituency,306,6,58,9
E14001564,Warrington North,102,2,260,5,518,10,391,8,117,3,288,6,354,7,203,4,England,543,Westminster Constituency,261,5,2,10
E14001565,Warrington South,157,3,184,4,169,4,292,6,104,2,255,5,266,5,147,3,England,543,Westminster Constituency,83,2,29,10
E14001566,Warwick and Leamington,207,4,189,4,80,2,146,3,151,3,180,4,164,3,392,8,England,543,Westminster Constituency,90,2,279,5
E14001567,Washington and Gateshead South,4,1,229,5,525,10,394,8,167,4,353,7,477,9,88,2,England,543,Westminster Constituency,341,7,284,5
E14001568,Watford,420,8,294,6,66,2,69,2,305,6,81,2,88,2,118,3,England,543,Westminster Constituency,69,2,118,8
E14001569,Waveney Valley,113,3,81,2,438,9,537,10,195,4,529,10,398,8,300,6,England,543,Westminster Constituency,477,9,315,5
E14001570,Weald of Kent,151,3,239,5,205,4,496,10,231,5,477,9,244,5,233,5,England,543,Westminster Constituency,288,6,391,3
E14001571,Wellingborough and Rushden,99,2,61,2,273,5,323,6,125,3,237,5,252,5,325,6,England,543,Westminster Constituency,107,2,482,2
E14001572,Wells and Mendip Hills,227,5,83,2,304,6,467,9,207,4,506,10,372,7,298,6,England,543,Westminster Constituency,373,7,316,5
E14001573,Welwyn Hatfield,68,2,170,4,148,3,138,3,42,1,135,3,108,2,54,1,England,543,Westminster Constituency,10,1,96,9
E14001574,West Bromwich,333,7,371,7,315,6,213,4,215,4,142,3,219,4,499,10,England,543,Westminster Constituency,273,5,189,7
E14001575,West Dorset,246,5,112,3,279,6,255,5,217,4,540,10,523,10,324,6,England,543,Westminster Constituency,496,10,390,3
E14001576,West Ham and Beckton,272,5,313,6,29,1,30,1,92,2,6,1,12,1,218,4,England,543,Westminster Constituency,27,1,133,8
E14001577,West Lancashire,177,4,433,8,459,9,414,8,209,4,358,7,362,7,314,6,England,543,Westminster Constituency,337,7,19,10
E14001578,West Suffolk,62,2,31,1,301,6,456,9,57,2,273,5,296,6,164,3,England,543,Westminster Constituency,118,3,443,2
E14001579,West Worcestershire,239,5,178,4,270,5,392,8,307,6,523,10,377,7,494,10,England,543,Westminster Constituency,465,9,366,4
E14001580,Westmorland and Lonsdale,380,7,246,5,351,7,305,6,422,8,517,10,433,8,327,6,England,543,Westminster Constituency,454,9,535,1
E14001581,Weston-super-Mare,244,5,89,2,115,3,135,3,200,4,370,7,424,8,308,6,England,543,Westminster Constituency,187,4,327,4
E14001582,Wetherby and Easingwold,199,4,90,2,343,7,514,10,192,4,485,9,379,7,297,6,England,543,Westminster Constituency,388,8,207,7
E14001583,Whitehaven and Workington,402,8,415,8,512,10,470,9,411,8,409,8,532,10,371,7,England,543,Westminster Constituency,525,10,535,1
E14001584,Widnes and Halewood,117,3,238,5,421,8,390,8,121,3,271,5,395,8,231,5,England,543,Westminster Constituency,211,4,87,9
E14001585,Wigan,213,4,377,7,440,9,368,7,393,8,262,5,470,9,364,7,England,543,Westminster Constituency,397,8,4,10
E14001586,Wimbledon,517,10,513,10,72,2,60,2,493,10,129,3,22,1,67,2,England,543,Westminster Constituency,251,5,37,10
E14001587,Winchester,103,2,127,3,196,4,246,5,155,3,365,7,171,4,114,3,England,543,Westminster Constituency,81,2,267,6
E14001588,Windsor,349,7,385,8,191,4,131,3,197,4,176,4,92,2,40,1,England,543,Westminster Constituency,73,2,179,7
E14001589,Wirral West,415,8,386,8,534,10,327,6,380,7,521,10,480,9,185,4,England,543,Westminster Constituency,516,10,102,9
E14001590,Witham,56,2,109,2,225,5,388,8,62,2,382,8,232,5,129,3,England,543,Westminster Constituency,105,2,337,4
E14001591,Witney,44,1,27,1,94,2,417,8,22,1,289,6,234,5,56,2,England,543,Westminster Constituency,62,2,512,1
E14001592,Woking,208,4,173,4,171,4,119,3,58,2,186,4,87,2,21,1,England,543,Westminster Constituency,22,1,232,6
E14001593,Wokingham,29,1,86,2,134,3,280,6,18,1,251,5,100,2,2,1,England,543,Westminster Constituency,19,1,307,5
E14001594,Wolverhampton North East,243,5,290,6,342,7,231,5,288,6,193,4,294,6,523,10,England,543,Westminster Constituency,339,7,191,7
E14001595,Wolverhampton South East,222,5,250,5,251,5,235,5,292,6,113,3,260,5,531,10,England,543,Westminster Constituency,319,6,210,7
E14001596,Wolverhampton West,445,9,452,9,417,8,159,3,425,8,228,5,175,4,525,10,England,543,Westminster Constituency,443,9,193,7
E14001597,Worcester,277,6,215,4,288,6,190,4,188,4,230,5,227,5,431,8,England,543,Westminster Constituency,172,4,498,1
E14001598,Worsley and Eccles,171,4,351,7,328,7,249,5,363,7,196,4,314,6,260,5,England,543,Westminster Constituency,176,4,116,8
E14001599,Worthing West,359,7,288,6,120,3,102,2,351,7,503,10,458,9,166,4,England,543,Westminster Constituency,358,7,439,2
E14001600,Wycombe,212,4,279,6,147,3,123,3,124,3,107,2,112,3,100,2,England,543,Westminster Constituency,40,1,259,6
E14001601,Wyre Forest,328,7,335,7,414,8,318,6,237,5,475,9,498,10,475,9,England,543,Westminster Constituency,481,9,197,7
E14001602,Wythenshawe and Sale East,109,2,214,4,367,7,169,4,317,6,127,3,430,8,261,5,England,543,Westminster Constituency,169,4,220,6
E14001603,Yeovil,96,2,79,2,318,6,349,7,165,3,454,9,419,8,282,6,England,543,Westminster Constituency,269,5,529,1
E14001604,York Central,356,7,268,5,231,5,147,3,442,9,97,2,192,4,446,9,England,543,Westminster Constituency,215,4,531,1
E14001605,York Outer,31,1,87,2,524,10,495,10,61,2,480,9,307,6,169,4,England,543,Westminster Constituency,362,7,506,1
W07000081,Aberafan Maesteg,21,7,15,5,30,10,16,5,27,9,24,8,15,5,26,8,Wales,32,Westminster Constituency,25,8,11,7
W07000082,Alyn and Deeside,3,1,3,1,20,6,30,10,5,2,22,7,26,8,10,3,Wales,32,Westminster Constituency,18,6,1,10
W07000083,Bangor Aberconwy,27,9,28,9,12,4,8,2,28,9,23,7,4,1,7,2,Wales,32,Westminster Constituency,20,6,25,2
W07000084,Blaenau Gwent and Rhymney,31,10,30,10,31,10,20,6,30,10,26,8,30,10,32,10,Wales,32,Westminster Constituency,31,10,17,5
W07000085,"Brecon, Radnor and Cwm Tawe",20,6,12,4,22,7,22,7,22,7,32,10,8,2,11,3,Wales,32,Westminster Constituency,27,9,3,10
W07000086,Bridgend,2,1,10,3,5,2,15,5,1,1,18,6,12,4,4,2,Wales,32,Westminster Constituency,2,1,13,6
W07000087,Caerfyrddin,25,8,11,3,17,5,29,9,24,8,17,5,9,3,9,3,Wales,32,Westminster Constituency,16,5,21,4
W07000088,Caerphilly,17,5,27,9,26,8,24,8,10,3,8,2,21,7,25,8,Wales,32,Westminster Constituency,22,7,10,7
W07000089,Cardiff East,23,7,26,8,4,1,2,1,18,6,5,2,20,6,27,9,Wales,32,Westminster Constituency,17,5,20,4
W07000090,Cardiff North,6,2,9,3,9,3,7,2,2,1,27,9,11,3,1,1,Wales,32,Westminster Constituency,5,2,7,8
W07000091,Cardiff South and Penarth,16,5,5,2,1,1,1,1,4,1,3,1,24,8,22,7,Wales,32,Westminster Constituency,6,2,15,6
W07000092,Cardiff West,15,5,17,5,3,1,4,1,15,5,16,5,29,9,23,8,Wales,32,Westminster Constituency,19,6,16,5
W07000093,Ceredigion Preseli,24,8,13,4,16,5,18,6,26,8,20,6,2,1,7,2,Wales,32,Westminster Constituency,9,3,31,1
W07000094,Clwyd East,11,3,24,8,28,9,31,10,14,4,28,9,10,3,4,1,Wales,32,Westminster Constituency,24,8,4,9
W07000095,Clwyd North,19,6,22,7,14,4,6,2,17,5,10,3,25,8,17,6,Wales,32,Westminster Constituency,14,4,26,2
W07000096,Dwyfor Meirionnydd,30,10,31,10,29,9,21,7,31,10,14,4,1,1,15,5,Wales,32,Westminster Constituency,28,9,28,2
W07000097,Gower,12,4,21,7,21,7,19,6,6,2,29,9,3,1,3,1,Wales,32,Westminster Constituency,12,4,23,3
W07000098,Llanelli,22,7,20,6,13,4,32,10,21,7,15,5,23,7,23,7,Wales,32,Westminster Constituency,26,8,22,3
W07000099,Merthyr Tydfil and Aberdare,29,9,23,7,27,9,26,8,29,9,4,1,32,10,28,9,Wales,32,Westminster Constituency,30,10,5,9
W07000100,Mid and South Pembrokeshire,14,4,4,1,7,2,13,4,11,3,21,7,16,5,12,4,Wales,32,Westminster Constituency,7,2,31,1
W07000101,Monmouthshire,4,1,2,1,10,3,17,5,3,1,11,3,5,2,2,1,Wales,32,Westminster Constituency,1,1,2,10
W07000102,Montgomeryshire and Glyndwr,7,2,7,2,25,8,25,8,12,4,13,4,22,7,12,4,Wales,32,Westminster Constituency,10,3,30,1
W07000103,Neath and Swansea East,10,3,6,2,15,5,10,3,19,6,2,1,7,2,21,7,Wales,32,Westminster Constituency,4,1,19,4
W07000104,Newport East,18,6,18,6,2,1,5,2,16,5,1,1,19,6,30,10,Wales,32,Westminster Constituency,15,5,8,8
W07000105,Newport West and Islwyn,9,3,14,4,11,3,14,4,8,2,30,10,17,5,20,6,Wales,32,Westminster Constituency,21,7,18,5
W07000106,Pontypridd,28,9,25,8,23,7,23,7,23,7,31,10,31,10,17,5,Wales,32,Westminster Constituency,29,9,14,6
W07000107,Rhondda and Ogmore,32,10,32,10,32,10,27,9,32,10,7,2,27,9,31,10,Wales,32,Westminster Constituency,32,10,6,9
W07000108,Swansea West,26,8,29,9,8,2,3,1,25,8,12,4,13,4,29,9,Wales,32,Westminster Constituency,23,7,24,3
W07000109,Torfaen,5,2,19,6,19,6,11,3,13,4,25,8,14,4,19,6,Wales,32,Westminster Constituency,13,4,12,7
W07000110,Vale of Glamorgan,8,2,8,2,6,2,9,3,9,3,6,2,28,9,14,4,Wales,32,Westminster Constituency,8,2,9,8
W07000111,Wrexham,1,1,1,1,18,6,12,4,7,2,9,3,18,6,16,5,Wales,32,Westminster Constituency,3,1,29,1
W07000112,Ynys Môn,13,4,16,5,24,8,28,9,20,6,19,6,6,2,6,2,Wales,32,Westminster Constituency,11,3,27,2
S14000021,East Renfrewshire,31,6,49,9,37,7,35,6,23,4,34,6,12,2,3,1,Scotland,57,Westminster Constituency,20,4,9,9
S14000027,Na h-Eileanan an Iar,48,9,57,10,57,10,57,10,27,5,57,10,36,6,43,8,Scotland,57,Westminster Constituency,57,10,57,1
S14000045,Midlothian,4,1,1,1,32,6,45,8,34,6,20,4,25,5,20,4,Scotland,57,Westminster Constituency,13,3,34,4
S14000048,North Ayrshire and Arran,50,9,45,8,48,9,26,5,40,7,49,9,53,10,51,9,Scotland,57,Westminster Constituency,54,10,22,6
S14000051,Orkney and Shetland,1,1,20,4,28,5,56,10,17,3,45,8,11,2,23,4,Scotland,57,Westminster Constituency,30,5,38,4
S14000060,Aberdeen North,34,6,22,4,13,3,15,3,18,3,15,3,23,4,37,7,Scotland,57,Westminster Constituency,9,2,55,1
S14000061,Aberdeen South,56,10,41,7,10,2,11,2,45,8,8,2,3,1,15,3,Scotland,57,Westminster Constituency,22,4,56,1
S14000062,Aberdeenshire North and Moray East,46,8,56,10,56,10,50,9,38,7,41,7,14,3,34,6,Scotland,57,Westminster Constituency,50,9,48,2
S14000063,Airdrie and Shotts,43,8,14,3,41,7,27,5,12,2,14,3,49,9,27,5,Scotland,57,Westminster Constituency,29,5,2,10
S14000064,Alloa and Grangemouth,11,2,8,2,38,7,25,5,11,2,29,5,28,5,49,9,Scotland,57,Westminster Constituency,24,4,25,6
S14000065,Angus and Perthshire Glens,28,5,36,6,43,8,41,7,47,8,52,9,20,4,18,3,Scotland,57,Westminster Constituency,40,7,43,3
S14000066,Arbroath and Broughty Ferry,12,2,33,6,39,7,28,5,26,5,44,8,24,4,26,5,Scotland,57,Westminster Constituency,25,5,53,1
S14000067,"Argyll, Bute and South Lochaber",40,7,54,10,36,6,31,6,51,9,56,10,37,7,28,5,Scotland,57,Westminster Constituency,51,9,29,5
S14000068,Bathgate and Linlithgow,15,3,17,3,27,5,43,8,6,1,17,3,18,3,29,5,Scotland,57,Westminster Constituency,6,1,23,6
S14000069,"Caithness, Sutherland and Easter Ross",10,2,51,9,52,9,55,10,25,5,51,9,21,4,23,4,Scotland,57,Westminster Constituency,44,8,50,2
S14000070,Coatbridge and Bellshill,32,6,28,5,24,4,22,4,10,2,13,3,50,9,32,6,Scotland,57,Westminster Constituency,26,5,11,8
S14000071,Cowdenbeath and Kirkcaldy,23,4,25,5,33,6,20,4,28,5,40,7,41,7,45,8,Scotland,57,Westminster Constituency,36,6,31,5
S14000072,Cumbernauld and Kirkintilloch,35,6,42,7,40,7,30,5,7,2,19,4,39,7,22,4,Scotland,57,Westminster Constituency,23,4,1,10
S14000073,Dumfries and Galloway,39,7,55,10,53,10,48,9,41,7,55,10,38,7,47,8,Scotland,57,Westminster Constituency,55,10,52,1
S14000074,"Dumfriesshire, Clydesdale and Tweeddale",33,6,50,9,55,10,51,9,48,9,53,10,33,6,37,7,Scotland,57,Westminster Constituency,53,10,28,5
S14000075,Dundee Central,38,7,26,5,11,2,10,2,54,10,11,2,30,5,56,10,Scotland,57,Westminster Constituency,42,7,47,2
S14000076,Dunfermline and Dollar,20,4,5,1,30,5,37,7,15,3,21,4,32,6,9,2,Scotland,57,Westminster Constituency,2,1,30,5
S14000077,East Kilbride and Strathaven,9,2,27,5,29,5,32,6,5,1,26,5,35,6,13,3,Scotland,57,Westminster Constituency,10,2,3,10
S14000078,Edinburgh East and Musselburgh,52,9,19,4,4,1,5,1,53,10,5,1,8,2,36,6,Scotland,57,Westminster Constituency,21,4,40,3
S14000079,Edinburgh North and Leith,54,10,10,2,1,1,1,1,52,9,2,1,1,1,11,2,Scotland,57,Westminster Constituency,14,3,37,4
S14000080,Edinburgh South,57,10,43,8,12,2,12,2,56,10,16,3,2,1,6,1,Scotland,57,Westminster Constituency,38,7,35,4
S14000081,Edinburgh South West,49,9,13,3,8,2,6,1,46,8,9,2,6,1,17,3,Scotland,57,Westminster Constituency,4,1,36,4
S14000082,Edinburgh West,41,7,38,7,23,4,18,3,33,6,25,5,4,1,5,1,Scotland,57,Westminster Constituency,8,2,32,5
S14000083,Falkirk,14,3,7,2,31,6,23,4,14,3,22,4,26,5,32,6,Scotland,57,Westminster Constituency,5,1,19,7
S14000084,Glasgow East,17,3,3,1,3,1,7,2,31,6,4,1,46,8,55,10,Scotland,57,Westminster Constituency,35,6,14,8
S14000085,Glasgow North,45,8,9,2,2,1,2,1,43,8,1,1,29,5,46,8,Scotland,57,Westminster Constituency,19,4,17,7
S14000086,Glasgow North East,22,4,6,1,7,2,8,2,35,6,3,1,54,10,57,10,Scotland,57,Westminster Constituency,45,8,16,7
S14000087,Glasgow South,55,10,39,7,6,1,4,1,57,10,10,2,27,5,19,4,Scotland,57,Westminster Constituency,39,7,6,9
S14000088,Glasgow South West,29,5,16,3,9,2,9,2,44,8,6,1,48,9,48,9,Scotland,57,Westminster Constituency,33,6,12,8
S14000089,Glasgow West,53,10,11,2,5,1,3,1,55,10,7,2,31,6,34,6,Scotland,57,Westminster Constituency,32,6,20,7
S14000090,Glenrothes and Mid Fife,27,5,40,7,54,10,42,7,24,4,35,6,44,8,54,10,Scotland,57,Westminster Constituency,48,9,41,3
S14000091,Gordon and Buchan,6,1,44,8,34,6,53,10,4,1,30,5,7,2,4,1,Scotland,57,Westminster Constituency,17,3,44,3
S14000092,Hamilton and Clyde Valley,13,3,31,6,25,5,34,6,9,2,31,6,43,8,10,2,Scotland,57,Westminster Constituency,16,3,10,9
S14000093,Inverclyde and Renfrewshire West,51,9,37,7,19,4,16,3,42,7,39,7,47,8,52,9,Scotland,57,Westminster Constituency,46,8,24,6
S14000094,"Inverness, Skye and West Ross-shire",2,1,18,3,21,4,46,8,2,1,38,7,22,4,16,3,Scotland,57,Westminster Constituency,11,2,46,2
S14000095,Livingston,5,1,2,1,42,7,49,9,1,1,12,2,19,4,21,4,Scotland,57,Westminster Constituency,7,2,26,6
S14000096,Lothian East,7,2,4,1,17,3,47,8,16,3,37,7,9,2,14,3,Scotland,57,Westminster Constituency,3,1,49,2
S14000097,Mid Dunbartonshire,26,5,53,10,49,9,40,7,19,4,48,9,17,3,2,1,Scotland,57,Westminster Constituency,37,7,8,9
S14000098,"Moray West, Nairn and Strathspey",18,3,46,8,45,8,52,9,13,3,42,7,16,3,12,2,Scotland,57,Westminster Constituency,34,6,54,1
S14000099,"Motherwell, Wishaw and Carluke",24,4,24,4,22,4,21,4,8,2,18,3,52,9,30,5,Scotland,57,Westminster Constituency,27,5,4,10
S14000100,North East Fife,36,6,47,8,46,8,38,7,50,9,46,8,13,3,31,6,Scotland,57,Westminster Constituency,41,7,42,3
S14000101,Paisley and Renfrewshire North,42,7,29,5,15,3,17,3,30,5,23,4,45,8,41,7,Scotland,57,Westminster Constituency,31,6,15,8
S14000102,Paisley and Renfrewshire South,47,8,15,3,16,3,14,3,29,5,24,4,40,7,39,7,Scotland,57,Westminster Constituency,28,5,13,8
S14000103,Perth and Kinross-shire,19,4,21,4,20,4,24,4,32,6,43,8,15,3,8,2,Scotland,57,Westminster Constituency,12,2,33,5
S14000104,Rutherglen,21,4,34,6,14,3,19,4,21,4,27,5,42,7,25,5,Scotland,57,Westminster Constituency,18,3,5,10
S14000105,Stirling and Strathallan,8,2,12,2,35,6,33,6,20,4,33,6,10,2,7,2,Scotland,57,Westminster Constituency,1,1,7,9
S14000106,West Dunbartonshire,44,8,23,4,18,3,13,3,36,6,28,5,51,9,53,10,Scotland,57,Westminster Constituency,43,8,21,7
S14000107,"Ayr, Carrick and Cumnock",30,5,48,9,50,9,36,6,39,7,50,9,57,10,43,8,Scotland,57,Westminster Constituency,56,10,39,4
S14000108,"Berwickshire, Roxburgh and Selkirk",37,7,52,9,44,8,29,5,49,9,54,10,34,6,50,9,Scotland,57,Westminster Constituency,52,9,45,3
S14000109,Central Ayrshire,16,3,30,5,51,9,44,8,22,4,47,8,56,10,39,7,Scotland,57,Westminster Constituency,49,9,27,6
S14000110,Kilmarnock and Loudoun,25,5,32,6,47,8,39,7,37,7,36,6,55,10,41,7,Scotland,57,Westminster Constituency,47,8,18,7
S14000111,West Aberdeenshire and Kincardine,3,1,35,6,26,5,54,10,3,1,32,6,5,1,1,1,Scotland,57,Westminster Constituency,15,3,51,2
N05000003,Belfast South and Mid Down,18,10,16,8,10,5,1,1,NA,NA,2,1,1,1,1,1,Northern Ireland,18,Westminster Constituency,9,5,11,4
N05000001,Belfast East,17,9,18,10,17,9,2,1,NA,NA,11,6,13,7,3,2,Northern Ireland,18,Westminster Constituency,17,9,10,5
N05000002,Belfast North,16,8,17,9,15,8,3,2,NA,NA,7,4,16,8,11,6,Northern Ireland,18,Westminster Constituency,15,8,15,2
N05000013,North Down,15,8,14,7,16,8,5,3,NA,NA,18,10,3,2,6,3,Northern Ireland,18,Westminster Constituency,16,8,12,4
N05000005,East Antrim,14,7,13,7,14,7,7,4,NA,NA,16,8,12,6,5,3,Northern Ireland,18,Westminster Constituency,11,6,6,7
N05000008,Foyle,13,7,8,4,12,6,6,3,NA,NA,3,2,17,9,17,9,Northern Ireland,18,Westminster Constituency,14,7,5,7
N05000004,Belfast West,12,6,15,8,18,10,4,2,NA,NA,1,1,18,10,12,6,Northern Ireland,18,Westminster Constituency,18,10,13,3
N05000012,North Antrim,11,6,12,6,11,6,9,5,NA,NA,15,8,4,2,9,5,Northern Ireland,18,Westminster Constituency,7,4,17,1
N05000016,Strangford,10,5,10,5,9,5,12,6,NA,NA,17,9,11,6,7,4,Northern Ireland,18,Westminster Constituency,10,5,7,6
N05000006,East Londonderry,9,5,9,5,8,4,8,4,NA,NA,14,7,9,5,14,7,Northern Ireland,18,Westminster Constituency,8,4,3,8
N05000017,Upper Bann,8,4,6,3,6,3,14,7,NA,NA,6,3,14,7,10,5,Northern Ireland,18,Westminster Constituency,4,2,14,3
N05000011,Newry and Armagh,7,4,11,6,7,4,15,8,NA,NA,5,3,7,4,18,10,Northern Ireland,18,Westminster Constituency,13,7,4,8
N05000014,South Antrim,6,3,4,2,5,3,11,6,NA,NA,10,5,6,3,2,1,Northern Ireland,18,Westminster Constituency,1,1,8,6
N05000018,West Tyrone,5,3,1,1,13,7,17,9,NA,NA,9,5,15,8,15,8,Northern Ireland,18,Westminster Constituency,12,6,2,9
N05000009,Lagan Valley,4,2,5,3,1,1,10,5,NA,NA,13,7,5,3,4,2,Northern Ireland,18,Westminster Constituency,2,1,18,1
N05000007,Fermanagh and South Tyrone,3,2,2,1,4,2,16,8,NA,NA,12,6,2,1,16,8,Northern Ireland,18,Westminster Constituency,6,3,9,5
N05000015,South Down,2,1,7,4,3,2,13,7,NA,NA,8,4,8,4,13,7,Northern Ireland,18,Westminster Constituency,3,2,16,2
N05000010,Mid Ulster,1,1,3,2,2,1,18,10,NA,NA,4,2,10,5,8,4,Northern Ireland,18,Westminster Constituency,5,3,1,10
